Page,Visitors,Total
"/articles",131,147
"/",42,43
"/articles/direct-marketing-small-farms",21,23
"/articles/the-different-types-of-ecolabels",16,16
"/articles/small-farm-market-channels",15,16
"/articles/most-trustworthy-ecolabels",12,14
"/articles/origins-history-agribusiness",10,11
"/articles/pest-disease-climate-change",10,11
"/environmental-education",9,9
"/articles/small-farm-competitive-strategy",8,8
"/articles/water-quality-management-farms",8,11
"/articles/industrial-food-system-small-farms",7,7
"/articles/pros-and-cons-of-advanced-biofuels",7,7
"/articles/advantages-disadvantages-intercropping",6,6
"/articles/agribusiness-supply-chain-explained",6,6
"/articles/biofuel-sustainability-ranking",6,7
"/articles/cooperative-models-small-farms",6,6
"/articles/cover-crop-selection-guide",6,6
"/articles/intercropping-vs-polyculture",6,6
"/articles/regenerative-agriculture-economics",6,6
"/articles/what-is-agribusiness",6,6
"/framework/stack-4-resilience",6,6
"/articles/biodiversity-assessment-farms",5,5
"/articles/biofuels-explained",5,5
"/articles/food-deserts-market-opportunity",5,5
"/articles/market-volatility-strategies",5,5
"/articles/measuring-intercropping-effectiveness",5,5
"/articles/small-vs-large-agribusiness",5,5
"/framework/stack-3-circularity",5,7
"/about",4,5
"/advantages-and-disadvantages-of-intercropping/amp",4,4
"/articles/cellulosic-vs-traditional-biofuels",4,4
"/articles/how-to-spot-fake-ecolabels",4,4
"/articles/introduction-to-intercropping",4,6
"/articles/why-consumers-want-local-food",4,7
"/for-advisors",4,5
"/market-access-certification-readiness",4,4
"/articles/agricultural-drainage",3,3
"/articles/biochar-soil-amendment",3,3
"/articles/circular-economy-explained",3,3
"/articles/circular-economy-guide",3,3
"/articles/intercropping-pest-management",3,4
"/articles/life-cycle-assessment-explained",3,4
"/articles/regenerative-practices-2025",3,3
"/articles/scope-1-2-3-agriculture",3,3
"/articles/soil-compaction-management",3,4
"/articles/soil-health-business-case",3,3
"/articles/subsurface-drainage-design",3,3
"/articles/value-chains-economic-efficiency",3,3
"/framework",3,6
"/framework/stack-1-metrics",3,3
"/modern-sustainability",3,6
"/ranking-the-sustainability-of-biofuels/amp",3,3
"/tomato-heart",3,3
"/articles/advantages-and-disadvantages-of-ecolabels",2,4
"/articles/agricultural-irrigation",2,2
"/articles/agricultural-sustainability-checklist",2,2
"/articles/agroforestry-economics",2,2
"/articles/cellulosic-biofuels",2,2
"/articles/companion-planting-introduction",2,2
"/articles/esg-labels-in-2025",2,2
"/articles/intercropping-practices",2,2
"/articles/regenerative-guide",2,2
"/articles/soil-testing-guide",2,2
"/articles/sustainability-in-agribusiness",2,2
"/articles/tillage-systems-compared",2,2
"/articles/water-management-guide",2,2
"/contact",2,2
"/framework/stack-2-efficiency",2,4
"/framework/stack-5-regeneration",2,2
"/free-assessments",2,2
"/industrial-agriculture-described-a-comparison-of-the-benefits-and-disadvantages/comment-page-1",2,2
"/question-what-is-the-difference-between-intensive-and-extensive-systems-as-they-relate-to-livestock-production",2,2
"/question-why-are-certain-countries-classified-as-failing-states",2,2
"/scope-3-supplier-readiness-scorecard",2,2
"/what-intermittent-fasting-is-and-how-it-affects-your-body",2,2
"/agricultural-drainage",1,1
"/articles/advantages-disadvantages-agribusiness",1,1
"/articles/agribusiness-technology-trends",1,1
"/articles/agriculture-vs-agribusiness",1,1
"/articles/biodiversity-guide",1,1
"/articles/biofuel-trends-2025",1,1
"/articles/biofuels-in-aviation",1,1
"/articles/biomass-energy-farm",1,1
"/articles/buyer-scope-3-request",1,1
"/articles/challenges-to-ecolabels",1,1
"/articles/cover-crops-roi",1,2
"/articles/crop-diversification-risk",1,1
"/articles/dGhlLWRpZm",1,1
"/articles/disadvantages-of-ecolabels",1,1
"/articles/financial-resilience-farm-operations",1,1
"/articles/intercropping-guide",1,1
"/articles/intercropping-organic-systems",1,1
"/articles/rainwater-harvesting-agriculture",1,1
"/articles/ranking-biofuel-sustainability",1,1
"/articles/regenerative-transition-costs",1,1
"/articles/resilience-guide",1,1
"/articles/soil-organic-matter-building",1,2
"/articles/what-are-ecolabels",1,1
"/articles/what-are-small-farms",1,1
"/esg-passport/examples",1,1
"/forgot-password",1,1
"/framework/implementation",1,1
"/how-the-scientific-community-garnered-its-power-in-the-medical-community",1,1
"/login",1,1
"/products",1,1
"/question-what-are-the-causes-of-air-pollution-in-china-how-serious-is-this-problem-and-how-does-it-impact-other-countries",1,1
"/response-generator",1,1
"/search/technology/feed/rss2",1,1
"/signup",1,1
"/tools",1,1
"/tools/circularity-assessment",1,1
"/tools/efficiency-toolkit",1,1
"/tools/soil-health-checklist",1,1
"/tools/stack-assessment",1,1
"/tracker",1,1