Country,Clicks,Impressions,CTR,Position
United States,705,181957,0.39%,14.83
India,390,80845,0.48%,6.17
Philippines,269,15634,1.72%,7.91
Nigeria,113,15982,0.71%,5.58
Mexico,88,5707,1.54%,7.96
United Kingdom,82,28575,0.29%,26
Canada,79,10622,0.74%,11.83
Indonesia,55,6420,0.86%,10.33
Australia,37,7250,0.51%,19.42
Vietnam,33,2728,1.21%,10.03
France,32,2658,1.2%,14.46
Germany,31,3190,0.97%,19.42
Ethiopia,25,2780,0.9%,5.41
Malaysia,24,1956,1.23%,8.12
Thailand,21,1552,1.35%,11.51
Sweden,18,1098,1.64%,19.59
Ecuador,18,980,1.84%,10.97
Uganda,17,2237,0.76%,7.22
South Africa,16,3689,0.43%,11.47
Italy,16,2022,0.79%,19.72
Netherlands,16,1868,0.86%,18.15
Hong Kong,16,1202,1.33%,9.52
Turkey,16,967,1.65%,10.99
Brazil,15,4531,0.33%,12.6
Pakistan,15,3052,0.49%,7.18
Argentina,15,1373,1.09%,11.48
South Korea,15,1309,1.15%,21.21
Finland,15,729,2.06%,21.23
Spain,14,2072,0.68%,15.11
Singapore,14,1459,0.96%,21.26
Ghana,13,3340,0.39%,7.16
Belgium,12,1100,1.09%,9.81
Ireland,11,936,1.18%,9.6
Colombia,10,841,1.19%,12.55
Sierra Leone,10,776,1.29%,5.98
Switzerland,10,772,1.3%,17
China,10,423,2.36%,8
Kenya,9,2626,0.34%,7.38
Venezuela,9,1758,0.51%,7.14
Peru,9,1365,0.66%,9.33
Japan,9,1277,0.7%,11.09
Dominican Republic,9,272,3.31%,9.97
Iran,9,185,4.86%,8.9
Cameroon,8,1261,0.63%,7.18
Nepal,8,1125,0.71%,5.82
New Zealand,8,757,1.06%,18.74
Denmark,8,585,1.37%,23.14
Bolivia,8,352,2.27%,9.4
Tanzania,7,1138,0.62%,5.17
Chile,7,490,1.43%,10
South Sudan,7,362,1.93%,4.34
Bangladesh,6,1391,0.43%,9.34
Zimbabwe,6,1220,0.49%,6.99
Egypt,6,1026,0.58%,9.95
Zambia,6,993,0.6%,7.4
Saudi Arabia,5,800,0.62%,14.44
Rwanda,5,625,0.8%,4.9
Portugal,5,428,1.17%,10.18
Austria,5,404,1.24%,13.07
Algeria,5,340,1.47%,17.57
Romania,5,315,1.59%,13.48
Costa Rica,5,190,2.63%,8.27
Guyana,4,1107,0.36%,6.06
Greece,4,376,1.06%,11.76
Czechia,4,364,1.1%,16
Ukraine,4,283,1.41%,13.8
Guatemala,4,242,1.65%,9.95
Bulgaria,4,169,2.37%,12.43
Croatia,4,163,2.45%,15.9
Estonia,4,153,2.61%,23.39
Lithuania,4,150,2.67%,16.87
United Arab Emirates,3,1028,0.29%,10.12
Poland,3,657,0.46%,12.85
Norway,3,539,0.56%,23.47
Panama,3,330,0.91%,9.75
Lesotho,3,290,1.03%,5.4
Hungary,3,279,1.08%,13.95
Qatar,3,207,1.45%,6.78
Tunisia,3,148,2.03%,14.02
Latvia,3,147,2.04%,19.5
El Salvador,3,95,3.16%,12.03
Iceland,3,64,4.69%,11.72
Papua New Guinea,2,861,0.23%,5.49
Malawi,2,617,0.32%,6.3
Russia,2,465,0.43%,12.14
Israel,2,453,0.44%,21.02
Taiwan,2,429,0.47%,7.53
Botswana,2,354,0.56%,6.16
Namibia,2,272,0.74%,15.64
Fiji,2,258,0.78%,6.24
Paraguay,2,250,0.8%,7.96
Uruguay,2,169,1.18%,8.96
Serbia,2,158,1.27%,14.58
Mauritius,2,139,1.44%,4.3
Nicaragua,2,125,1.6%,8.22
Slovakia,2,120,1.67%,14.26
Sri Lanka,1,668,0.15%,5.58
Liberia,1,567,0.18%,5.26
Jamaica,1,484,0.21%,6.92
Morocco,1,373,0.27%,14.9
Iraq,1,320,0.31%,12.2
Myanmar (Burma),1,266,0.38%,10.27
Jordan,1,242,0.41%,11.81
Mozambique,1,207,0.48%,9.46
Honduras,1,195,0.51%,8.11
Kuwait,1,171,0.58%,8.85
Swaziland,1,103,0.97%,5.76
Solomon Islands,1,93,1.08%,7.43
Cyprus,1,79,1.27%,13.9
Bhutan,1,69,1.45%,2.84
Syria,1,64,1.56%,8.92
Moldova,1,62,1.61%,16.21
Cuba,1,49,2.04%,7.22
Afghanistan,1,48,2.08%,7.19
Isle of Man,1,25,4%,5.8
Turkmenistan,1,25,4%,42.72
Sudan,1,16,6.25%,5.31
Liechtenstein,1,13,7.69%,79.77
Trinidad & Tobago,0,415,0%,8.87
Gambia,0,300,0%,5.19
Cambodia,0,228,0%,12.65
Oman,0,207,0%,11.26
Kazakhstan,0,204,0%,8.84
Senegal,0,199,0%,7.65
Uzbekistan,0,169,0%,7.92
Lebanon,0,158,0%,5.8
Puerto Rico,0,146,0%,6.37
Somalia,0,138,0%,5.04
Belize,0,127,0%,14.5
Azerbaijan,0,114,0%,10.19
Belarus,0,107,0%,15.91
Luxembourg,0,102,0%,22.46
Malta,0,100,0%,13.4
Bahrain,0,94,0%,7.09
Togo,0,93,0%,10.63
Côte d’Ivoire,0,90,0%,13.6
Grenada,0,87,0%,5.95
Slovenia,0,83,0%,20.66
Albania,0,79,0%,9.7
Barbados,0,74,0%,6.28
St. Lucia,0,71,0%,4.75
Bahamas,0,70,0%,8.41
Unknown Region,0,69,0%,5.14
Georgia,0,65,0%,12.82
Mongolia,0,63,0%,11.71
Burkina Faso,0,57,0%,12.47
Congo - Kinshasa,0,56,0%,5.95
Seychelles,0,54,0%,7.52
Palestine,0,51,0%,7.57
Antigua & Barbuda,0,49,0%,3.39
Brunei,0,48,0%,6.25
Armenia,0,48,0%,14.19
Libya,0,48,0%,16.44
Angola,0,48,0%,27.1
Bosnia & Herzegovina,0,47,0%,18.11
Maldives,0,45,0%,4.2
Tonga,0,42,0%,67.4
St. Vincent & Grenadines,0,40,0%,3.58
Kyrgyzstan,0,35,0%,10.74
Vanuatu,0,32,0%,3.44
Guinea,0,31,0%,6.68
Macedonia,0,31,0%,7.65
Samoa,0,30,0%,4.2
Laos,0,30,0%,13.37
Benin,0,28,0%,4.25
Guam,0,28,0%,4.75
Mali,0,28,0%,6.93
Macau,0,28,0%,10.75
Madagascar,0,26,0%,5.77
St. Kitts & Nevis,0,26,0%,6.15
U.S. Virgin Islands,0,19,0%,5.26
Suriname,0,17,0%,4.12
Dominica,0,17,0%,5.53
Kosovo,0,16,0%,10.5
Gabon,0,16,0%,11.38
Yemen,0,16,0%,13
Bermuda,0,15,0%,5.27
Haiti,0,15,0%,6.6
Tokelau,0,13,0%,93
Timor-Leste,0,12,0%,5.17
Niger,0,10,0%,3.5
Jersey,0,10,0%,7.4
Congo - Brazzaville,0,10,0%,17.8
Burundi,0,9,0%,3.33
Cayman Islands,0,9,0%,5.44
Guernsey,0,9,0%,6.78
Mauritania,0,9,0%,9.44
Tajikistan,0,9,0%,12.67
Djibouti,0,8,0%,3.88
Sint Maarten,0,8,0%,4.75
Andorra,0,8,0%,26.5
Marshall Islands,0,7,0%,4.86
Turks & Caicos Islands,0,7,0%,5
Chad,0,6,0%,1.5
British Virgin Islands,0,6,0%,3.33
Equatorial Guinea,0,6,0%,3.67
Montenegro,0,6,0%,4.83
Cape Verde,0,6,0%,7.83
Réunion,0,6,0%,9
American Samoa,0,4,0%,3.5
Gibraltar,0,4,0%,7.25
Eritrea,0,4,0%,7.5
Guadeloupe,0,4,0%,8.25
Western Sahara,0,4,0%,9.25
Curaçao,0,4,0%,26.75
Micronesia,0,3,0%,3
Faroe Islands,0,3,0%,5.33
Comoros,0,2,0%,2
Northern Mariana Islands,0,2,0%,3
Aruba,0,2,0%,4.5
Nauru,0,2,0%,4.5
French Polynesia,0,2,0%,4.5
Anguilla,0,2,0%,9
Guinea-Bissau,0,2,0%,11.5
Monaco,0,1,0%,1
New Caledonia,0,1,0%,1
Palau,0,1,0%,1
French Guiana,0,1,0%,7
Caribbean Netherlands,0,1,0%,10
Kiribati,0,1,0%,10
Åland Islands,0,1,0%,13
San Marino,0,1,0%,19
Martinique,0,1,0%,46