Top pages,Clicks,Impressions,CTR,Position
https://ecosystemsunited.com/the-origins-and-history-of-agribusiness/,199,4966,4.01%,12.06
https://ecosystemsunited.com/difference-between-intensive-and-extensive-agriculture/,186,65100,0.29%,8.59
https://ecosystemsunited.com/advantages-and-disadvantages-of-intercropping/,171,28569,0.6%,3.66
https://ecosystemsunited.com/question-what-is-the-difference-between-plant-resistance-and-plant-tolerance/,127,10786,1.18%,5.64
https://ecosystemsunited.com/advantages-and-disadvantages-of-agribusiness/,122,16840,0.72%,6.13
https://ecosystemsunited.com/what-is-co-cultural-communication-why-is-co-cultural-communication-important/,111,13504,0.82%,8.77
https://ecosystemsunited.com/the-different-types-of-ecolabels/,108,4389,2.46%,17.9
https://ecosystemsunited.com/the-advantages-and-disadvantages-of-ecolabels/,100,6553,1.53%,4.34
https://ecosystemsunited.com/small-vs-large-agribusiness/,98,8752,1.12%,7.36
https://ecosystemsunited.com/the-ethanol-debate-a-closer-look-at-the-pros-and-cons/,82,14120,0.58%,11.76
https://ecosystemsunited.com/different-types-of-plant-resistance/,80,6931,1.15%,6.77
https://ecosystemsunited.com/reason-and-benefits-of-agricultural-drainage/,56,17832,0.31%,10.31
https://ecosystemsunited.com/what-is-technoscience-how-has-technoscience-impacted-society/,51,5628,0.91%,7.93
https://ecosystemsunited.com/the-disadvantages-associated-with-urban-agriculture/,48,3239,1.48%,9.11
https://ecosystemsunited.com/crop-quality-when-better-is-better/,46,3683,1.25%,5.56
https://ecosystemsunited.com/intercropping-vs-polyculture-how-multi-crop-systems-boost-farm-sustainability/,42,9136,0.46%,11.31
https://ecosystemsunited.com/the-importance-of-annual-grasses/,37,13184,0.28%,5.11
https://ecosystemsunited.com/what-is-plant-tolerance-why-is-plant-tolerance-important/,35,2351,1.49%,6.9
https://ecosystemsunited.com/most-trustworthy-ecolabels/,33,2266,1.46%,7.49
https://ecosystemsunited.com/question-what-is-meant-by-strong-sustainability/,32,5333,0.6%,6.96
https://ecosystemsunited.com/a-vision-for-renewable-energy-the-forgotten-story-of-henry-ford-and-ethanol/,31,3162,0.98%,5.36
https://ecosystemsunited.com/the-food-pyramid-a-brief-history/,30,1735,1.73%,14.38
https://ecosystemsunited.com/the-industrialization-of-the-food-system/,27,2439,1.11%,11.07
https://ecosystemsunited.com/sustainable-aviation-fuel-investments/,26,3253,0.8%,13.24
https://ecosystemsunited.com/7-biofuel-trends-to-expect-in-2025/,25,2679,0.93%,13.65
https://ecosystemsunited.com/what-are-the-main-factors-that-affect-co-cultural-communication-what-are-the-different-co-cultural-communication-strategies/,22,4213,0.52%,14.37
https://ecosystemsunited.com/differences-between-agriculture-and-agribusiness/,21,13527,0.16%,10.82
https://ecosystemsunited.com/ethanol-explained-a-deep-dive-into-its-market-impacts-and-innovations/,21,3374,0.62%,22.22
https://ecosystemsunited.com/what-is-agribusiness-how-did-agribusiness-evolve/,21,2215,0.95%,30.99
https://ecosystemsunited.com/geoengineering-explained-the-benefits-and-challenges-of-space-reflectors/,21,755,2.78%,10.95
https://ecosystemsunited.com/beginners-guide-to-investing-in-biofuels/,20,2767,0.72%,8.05
https://ecosystemsunited.com/cellulosic-biofuels-explained/,20,2641,0.76%,14.03
https://ecosystemsunited.com/industrial-agriculture-described-a-comparison-of-the-benefits-and-disadvantages/,19,5505,0.35%,16.49
https://ecosystemsunited.com/zero-acreage-farming-zfarming-what-it-is-and-how-it-can-change-the-future-of-urban-agriculture/,19,1152,1.65%,7.39
https://ecosystemsunited.com/the-economics-of-regenerative-agriculture/,18,3089,0.58%,6.64
https://ecosystemsunited.com/companies-leading-in-cellulosic-biofuels/,17,5719,0.3%,18.45
https://ecosystemsunited.com/real-alternatives-to-electric-vehicles/,17,1262,1.35%,14.16
https://ecosystemsunited.com/5-reasons-not-to-buy-hybrid-seeds/,16,5199,0.31%,8.83
https://ecosystemsunited.com/5-ways-that-humans-impact-ecosystems/,15,7012,0.21%,18.75
https://ecosystemsunited.com/electric-vehicle-deep-dive/,15,2850,0.53%,10.91
https://ecosystemsunited.com/are-you-being-greenwashed-how-to-spot-fake-ecolabels/,15,1569,0.96%,5.65
https://ecosystemsunited.com/a-brief-introduction-to-plant-diseases/,14,2428,0.58%,11.66
https://ecosystemsunited.com/the-pros-and-cons-of-advanced-biofuels/,13,3096,0.42%,30.03
https://ecosystemsunited.com/hydrology-101/,13,3001,0.43%,21.95
https://ecosystemsunited.com/plant-breeding-and-selection-a-never-ending-story/,12,2072,0.58%,14.2
https://ecosystemsunited.com/joel-salatin-everything-i-want-to-do-is-illegal/,12,2006,0.6%,8.21
https://ecosystemsunited.com/geoengineering-explained-the-benefits-and-challenges-of-afforestation/,12,1756,0.68%,8.78
https://ecosystemsunited.com/the-difference-between-intercropping-and-companion-planting/,12,1720,0.7%,10.67
https://ecosystemsunited.com/geoengineering-explained-the-benefits-and-challenges-of-ocean-alkalinity-enhancement/,11,420,2.62%,15.96
https://ecosystemsunited.com/ultimate-guide-to-biofuels/,10,6134,0.16%,32.16
https://ecosystemsunited.com/agricultural-irrigation/,9,7471,0.12%,18.78
https://ecosystemsunited.com/esg-labels-in-2025/,9,1058,0.85%,11.74
https://ecosystemsunited.com/geoengineering-explained-the-benefits-and-challenges-of-albedo-enhancement/,9,622,1.45%,8.92
https://ecosystemsunited.com/what-are-oligarchies/,8,5186,0.15%,12.5
https://ecosystemsunited.com/the-most-common-plant-defects-and-their-causes/,8,1787,0.45%,4.41
https://ecosystemsunited.com/a-history-of-domestic-american-agricultural-policy/,8,936,0.85%,23.37
https://ecosystemsunited.com/the-main-challenges-to-alternative-food-networks/,8,694,1.15%,7.92
https://ecosystemsunited.com/a-history-of-agricultural-education-in-the-united-states/,8,477,1.68%,10.58
https://ecosystemsunited.com/did-neoliberalism-kill-the-family-farm/,8,387,2.07%,6.01
https://ecosystemsunited.com/the-disadvantages-of-ecolabels/,8,335,2.39%,14.79
https://ecosystemsunited.com/,8,155,5.16%,4.19
https://ecosystemsunited.com/an-introduction-integrated-pest-management-ipm/,7,2581,0.27%,17.2
https://ecosystemsunited.com/the-benefits-of-fire/,7,1950,0.36%,12.73
https://ecosystemsunited.com/mark-and-delia-owens-the-cry-of-the-kahahari/,7,1166,0.6%,6.99
https://ecosystemsunited.com/are-hydrogen-fuel-cells-safer/,7,853,0.82%,19.35
https://ecosystemsunited.com/question-is-there-such-thing-as-a-human-carrying-capacity/,6,12152,0.05%,7.3
https://ecosystemsunited.com/business-clusters-what-they-are-and-why-they-provide-a-competitive-advantage/,6,1990,0.3%,22.54
https://ecosystemsunited.com/an-introduction-to-intercropping/,6,1945,0.31%,17.61
https://ecosystemsunited.com/how-perennial-grain-systems-are-transforming-agriculture/,6,1037,0.58%,10.52
https://ecosystemsunited.com/cellulosic-ethanol-vs-traditional-biofuels/,5,2574,0.19%,10.83
https://ecosystemsunited.com/ranking-the-sustainability-of-biofuels/,5,1783,0.28%,16.2
https://ecosystemsunited.com/7-breakthrough-regenerative-agricultural-practices-transforming-food-systems-in-2025/,5,1605,0.31%,9.03
https://ecosystemsunited.com/the-dangers-of-industrial-agriculture/,5,1143,0.44%,53.29
https://ecosystemsunited.com/food-deserts/,4,4192,0.1%,22.4
https://ecosystemsunited.com/what-are-smart-cities-how-can-smart-cities-improve-the-lives-of-citizens/,4,1482,0.27%,72.81
https://ecosystemsunited.com/buffer-zones-buffer-strips-what-they-are-and-why-we-need-them/,4,1243,0.32%,32.09
https://ecosystemsunited.com/ai-powered-precision-cover-cropping-the-future-of-soil-health-management/,4,273,1.47%,8.26
https://ecosystemsunited.com/intercropping-practices/,3,5006,0.06%,9.15
https://ecosystemsunited.com/what-are-ecolabels/,3,2861,0.1%,34.88
https://ecosystemsunited.com/a-history-and-definition-of-corporations/,3,2328,0.13%,16.48
https://ecosystemsunited.com/the-benefits-and-problems-associated-with-aquaculture/,3,1296,0.23%,25.98
https://ecosystemsunited.com/are-ev-batteries-worse-than-gasoline/,3,878,0.34%,8.87
https://ecosystemsunited.com/community-gardens/,3,844,0.36%,5.67
https://ecosystemsunited.com/moose/,3,582,0.52%,7.11
https://ecosystemsunited.com/so-you-want-an-irrigation-system/,3,533,0.56%,6.64
https://ecosystemsunited.com/biological-control-via-entomophatogenic-viruses-baculovirus/,3,480,0.62%,6.76
https://ecosystemsunited.com/are-advanced-biofuels-the-future-of-energy/,3,404,0.74%,34.81
https://ecosystemsunited.com/how-have-u-s-tax-policies-turned-farms-into-tax-havens/,3,92,3.26%,18.49
https://ecosystemsunited.com/about-ecosystems-united/,3,57,5.26%,4.32
https://ecosystemsunited.com/biofuels-in-the-aviation-industry-5-trends/,2,3413,0.06%,20.14
https://ecosystemsunited.com/institutions-what-they-are-why-we-need-them-and-how-they-shape-our-everyday-lives/,2,1694,0.12%,47.6
https://ecosystemsunited.com/the-green-revolution/,2,1622,0.12%,45.31
https://ecosystemsunited.com/what-is-agribusiness-what-are-the-different-parts-of-agribusiness/,2,1564,0.13%,24.56
https://ecosystemsunited.com/the-historical-development-of-organic-farming/,2,1365,0.15%,19.17
https://ecosystemsunited.com/5-innovative-ev-companies-to-support-in-2025/,2,1103,0.18%,9.88
https://ecosystemsunited.com/what-is-social-exclusion-how-has-societys-understanding-of-social-exclusion-evolved/,2,659,0.3%,37.15
https://ecosystemsunited.com/the-difference-between-z-farming-zero-acreage-and-urban-agriculture/,2,476,0.42%,6.9
https://ecosystemsunited.com/the-giants-of-electric-vehicles-challenges-of-a-dominated-market/,2,418,0.48%,10.16
https://ecosystemsunited.com/biological-controls-in-horticulture-and-agriculture-defined-and-explained/,2,311,0.64%,26.64
https://ecosystemsunited.com/measuring-the-effectiveness-of-intercropping/,2,310,0.65%,8.2
https://ecosystemsunited.com/geoengineering-explained-the-benefits-and-challenges-of-ocean-fertilization/,2,209,0.96%,9.82
https://ecosystemsunited.com/a-food-systems-approach/,2,173,1.16%,3.79
https://ecosystemsunited.com/csrd-for-smes/,2,110,1.82%,28.27
https://ecosystemsunited.com/bioregional-seed-banking-networks-preserving-agricultural-heritage-for-a-resilient-future/,2,65,3.08%,7.32
https://ecosystemsunited.com/geoengineering-explained-the-benefits-and-challenges-of-biochar/,2,65,3.08%,8.15
https://ecosystemsunited.com/esg-passport/,2,9,22.22%,6.78
https://ecosystemsunited.com/difference-between-intensive-and-extensive-agriculture/#Extensive_Agriculture_A_Low-Input_Alternative,1,12366,0.01%,7.73
https://ecosystemsunited.com/question-what-is-agricultural-extension-what-services-does-it-provide/,1,2011,0.05%,28.9
https://ecosystemsunited.com/what-are-advanced-biofuels/,1,1848,0.05%,50.8
https://ecosystemsunited.com/what-is-a-life-cycle-assessment-what-the-different-parts-of-a-life-cycle-assessment/,1,1768,0.06%,48.21
https://ecosystemsunited.com/reason-and-benefits-of-agricultural-drainage/#Key_Components_of_a_Drainage_System,1,1735,0.06%,6.82
https://ecosystemsunited.com/reason-and-benefits-of-agricultural-drainage/#Subsurface_Drainage_System,1,1236,0.08%,7.07
https://ecosystemsunited.com/the-15-principles-of-organic-farming/,1,1208,0.08%,16.86
https://ecosystemsunited.com/the-advantages-and-disadvantages-of-ecolabels/#Key_disadvantages_of_ecolabels_where_business_get_burned,1,918,0.11%,4.21
https://ecosystemsunited.com/question-what-are-small-farms-how-do-they-contribute-to-society-and-what-struggles-are-they-faced-with/,1,867,0.12%,14.05
https://ecosystemsunited.com/what-is-social-exclusion/,1,855,0.12%,31.18
https://ecosystemsunited.com/sustainable-aviation-fuel-investments/#Why_Invest_in_Sustainable_Aviation_Fuel_SAF_in_2025,1,806,0.12%,6.37
https://ecosystemsunited.com/what-is-ethanol/,1,760,0.13%,4.68
https://ecosystemsunited.com/community-supported-agriculture-csa-defined-and-described-the-challenges-opportunities-they-provide/,1,547,0.18%,39.57
https://ecosystemsunited.com/eutrophication-choking-the-life-out-of-a-body-of-water-near-you/,1,459,0.22%,15.08
https://ecosystemsunited.com/beginners-guide-to-investing-in-biofuels/#Explore_Ways_to_Invest_in_Biofuels,1,385,0.26%,5.12
https://ecosystemsunited.com/solar-energy-companies-opportunties-risks-and-the-future-of-green-investing/,1,378,0.26%,9.02
https://ecosystemsunited.com/shaping-sustainable-cities-the-intersection-of-urban-planning-and-energy-consumption/,1,343,0.29%,39.51
https://ecosystemsunited.com/question-what-is-horticulture/,1,324,0.31%,40.44
https://ecosystemsunited.com/question-what-strategies-can-small-farmers-use-to-better-compete-in-a-challenging-market-environment/,1,298,0.34%,5.13
https://ecosystemsunited.com/biofuels-explained/,1,285,0.35%,39.9
https://ecosystemsunited.com/challenges-to-urban-agriculture/,1,275,0.36%,15.06
https://ecosystemsunited.com/soil-health-the-foundation-of-sustainable-agriculture/,1,254,0.39%,11.56
https://ecosystemsunited.com/stackable-sustainability-pyramid/,1,230,0.43%,6.92
https://ecosystemsunited.com/beginners-guide-to-solar-power-for-house/,1,224,0.45%,13.93
https://ecosystemsunited.com/beginners-guide-to-investing-in-biofuels/#Before_Investing_in_Biofuels_Understand_the_Biofuel_Market,1,213,0.47%,6.21
https://ecosystemsunited.com/ecology-defined-a-description-of-the-components-of-an-ecosystem/,1,186,0.54%,14.22
https://ecosystemsunited.com/sustainability-in-agribusiness-how-smart-practices-drive-long-term-profitability/,1,184,0.54%,11.98
https://ecosystemsunited.com/what-are-open-source-seeds-why-are-open-source-seeds-important/,1,159,0.63%,13.17
https://ecosystemsunited.com/csrd-toolkits-for-smes/,1,155,0.65%,9.72
https://ecosystemsunited.com/stackable-sustainability-in-agriculture-a-practical-path-to-regenerative-farming/,1,144,0.69%,5.89
https://ecosystemsunited.com/lignocellulosic-ethanol-the-future-of-sustainable-biofuels/,1,103,0.97%,20.46
https://ecosystemsunited.com/sustainable-agriculture-defined-and-discussed/,1,98,1.02%,55.05
https://ecosystemsunited.com/geoengineering-explained-the-benefits-and-challenges-of-enhanced-weathering/,1,96,1.04%,12.81
https://ecosystemsunited.com/wp-content/uploads/2017/01/types-of-intercropping.png,1,95,1.05%,17.42
https://ecosystemsunited.com/challenges-to-ecolabels/,1,68,1.47%,10.13
https://ecosystemsunited.com/the-dangers-of-dependence-on-big-tech-in-electric-vehicles-a-risky-road-ahead/,1,60,1.67%,8.9
https://ecosystemsunited.com/about/,1,41,2.44%,4.8
https://ecosystemsunited.com/drivers-of-ecolabel-adoption-what-factors-lead-to-ecolabel-uptake-and-acceptance/,1,30,3.33%,7.53
https://ecosystemsunited.com/factory-farming-and-human-health/,1,29,3.45%,24.24
https://ecosystemsunited.com/soil-microbial-health-checklist/,1,12,8.33%,12.42
https://ecosystemsunited.com/vsme-csrd-readiness-scorecard/,1,11,9.09%,13.64
https://ecosystemsunited.com/turn-sustainability-into-profit-with-the-five-stacks-framework-csrd-for-smes/,1,10,10%,4.8
https://ecosystemsunited.com/wp-content/uploads/2015/12/carrying-capacity.jpg,1,10,10%,21.5
https://ecosystemsunited.com/2017/03/18/5-reasons-not-to-buy-hybrid-seeds/?share=facebook,1,7,14.29%,9
https://ecosystemsunited.com/difference-between-intensive-and-extensive-agriculture/#The_Use_of_Technology_in_Extensive_Agriculture,0,11115,0%,7.93
https://ecosystemsunited.com/difference-between-intensive-and-extensive-agriculture/#What_Are_Intensive_Livestock_Production_Systems,0,7952,0%,7.47
https://ecosystemsunited.com/the-ethanol-debate-a-closer-look-at-the-pros-and-cons/#The_Benefits_of_Ethanol_Why_Its_a_Promising_Biofuel,0,2906,0%,9.61
https://ecosystemsunited.com/the-ethanol-debate-a-closer-look-at-the-pros-and-cons/#The_Challenges_of_Ethanol_Issues_to_Address,0,2906,0%,9.61
https://ecosystemsunited.com/reason-and-benefits-of-agricultural-drainage/#Types_of_Agricultural_Drainage_Systems,0,1763,0%,6.83
https://ecosystemsunited.com/differences-between-agriculture-and-agribusiness/#How_did_agriculture_become_agribusiness,0,1419,0%,8.47
https://ecosystemsunited.com/differences-between-agriculture-and-agribusiness/#What_is_agribusiness,0,1418,0%,8.47
https://ecosystemsunited.com/question-what-is-meant-by-strong-sustainability/#Examples_of_Successful_Strong_Sustainability_Initiatives,0,1398,0%,7.12
https://ecosystemsunited.com/differences-between-agriculture-and-agribusiness/#What_is_agriculture,0,1392,0%,8.47
https://ecosystemsunited.com/question-what-is-meant-by-strong-sustainability/#Strong_Sustainability_Why_Protecting_Natural_Capital_is_Non-Negotiable,0,1362,0%,7.11
https://ecosystemsunited.com/soil-sealing-what-it-is-and-why-it-is-important/,0,1261,0%,10.04
https://ecosystemsunited.com/the-principal-agent-problem-what-it-is-why-its-important-and-how-it-can-be-solved/,0,1164,0%,46.42
https://ecosystemsunited.com/small-vs-large-agribusiness/#A_look_at_the_similarities_of_small_vs_large_agribusinesses,0,1018,0%,7.28
https://ecosystemsunited.com/small-vs-large-agribusiness/#What_is_agribusiness,0,1018,0%,7.28
https://ecosystemsunited.com/different-types-of-plant-resistance/#Genetic_Resistance_Harnessing_Natures_Blueprint,0,1012,0%,6.17
https://ecosystemsunited.com/different-types-of-plant-resistance/#Ecological_Resistance_Navigating_the_Environment,0,1007,0%,6.17
https://ecosystemsunited.com/the-advantages-and-disadvantages-of-ecolabels/#The_advantages_and_disadvantages_of_ecolabels_for_businesses,0,971,0%,4.26
https://ecosystemsunited.com/different-types-of-plant-resistance/#Resistance_Based_on_Biotypes,0,936,0%,6.18
https://ecosystemsunited.com/the-advantages-and-disadvantages-of-ecolabels/#Key_advantages_of_ecolabels,0,902,0%,4.3
https://ecosystemsunited.com/intercropping-vs-polyculture-how-multi-crop-systems-boost-farm-sustainability/#Intercropping_vs_Polyculture_Key_Differences_That_Every_Farmer_Should_Know,0,844,0%,4.28
https://ecosystemsunited.com/intercropping-vs-polyculture-how-multi-crop-systems-boost-farm-sustainability/#Polyculture_Farming_How_Modern_Agriculture_Is_Embracing_Ecosystem_Diversity,0,844,0%,4.48
https://ecosystemsunited.com/sustainable-aviation-fuel-investments/#What_is_Sustainable_Aviation_Fuel_SAF,0,841,0%,6.51
https://ecosystemsunited.com/renewable-diesel-vs-biodiesel/,0,840,0%,35.26
https://ecosystemsunited.com/sustainable-aviation-fuel-investments/#A_Brief_History_of_SAF,0,821,0%,6.36
https://ecosystemsunited.com/the-advantages-and-disadvantages-of-ecolabels/#What_are_ecolabels,0,817,0%,4.23
https://ecosystemsunited.com/defining-aquaculture-and-its-role-in-the-food-production-system/,0,805,0%,33.83
https://ecosystemsunited.com/different-types-of-plant-resistance/#Additional_Perspectives_on_Resistance,0,783,0%,6.22
https://ecosystemsunited.com/what-value-chains-are-and-how-they-can-optimize-economic-efficiency/,0,780,0%,50.65
https://ecosystemsunited.com/whos-leading-the-advanced-biofuel-industry/,0,777,0%,10.48
https://ecosystemsunited.com/the-importance-of-agriculture-and-how-it-has-evolved-throughout-the-past-century/,0,675,0%,57.25
https://ecosystemsunited.com/environmental-management-defined/,0,631,0%,64.59
https://ecosystemsunited.com/the-resurgence-of-oligarchies-how-and-why-theyve-returned/,0,605,0%,6.6
https://ecosystemsunited.com/intercropping-vs-polyculture-how-multi-crop-systems-boost-farm-sustainability/#Intercropping_Definition_Benefits_and_Real-World_Examples,0,568,0%,6.25
https://ecosystemsunited.com/intercropping-vs-polyculture-how-multi-crop-systems-boost-farm-sustainability/#5_Types_of_Multi-Crop_Farming_Systems_for_Sustainable_Agriculture,0,544,0%,6.67
https://ecosystemsunited.com/beginners-guide-to-investing-in-biofuels/#Types_of_Biofuels,0,489,0%,5.29
https://ecosystemsunited.com/cellulosic-biofuels-explained/#The_4_Step_Production_Process_of_Cellulosic_Biofuels_Explained,0,445,0%,7.94
https://ecosystemsunited.com/an-alternative-to-the-gdp/,0,442,0%,31.58
https://ecosystemsunited.com/a-brief-history-of-land-grant-colleges-in-the-united-states/,0,441,0%,55.82
https://ecosystemsunited.com/can-our-power-grid-handle-electric-vehicles/,0,436,0%,66.88
https://ecosystemsunited.com/question-what-is-meant-by-strong-sustainability/#Core_Principles_of_Strong_Sustainability,0,429,0%,6.4
https://ecosystemsunited.com/cellulosic-biofuels-explained/#Why_Are_Cellulosic_Biofuels_Important_for_the_Future,0,422,0%,7.83
https://ecosystemsunited.com/advantages-and-disadvantages-of-agribusiness/#Market_Barriers_and_Corporate_Influence,0,388,0%,10.02
https://ecosystemsunited.com/advantages-and-disadvantages-of-agribusiness/#The_Economic_Scale_of_Agribusiness_Lower_Prices_but_Higher_Costs,0,388,0%,10.02
https://ecosystemsunited.com/beginners-guide-to-investing-in-biofuels/#Consider_Key_Factors_Before_Investing_in_Biofuels,0,379,0%,4.93
https://ecosystemsunited.com/cover-crop-seeds-for-soil-regeneration/,0,366,0%,8.75
https://ecosystemsunited.com/sustainable-aviation-fuel-investments/#Key_Investment_Opportunities_in_SAF,0,363,0%,6.59
https://ecosystemsunited.com/co-operatives/,0,340,0%,75.41
https://ecosystemsunited.com/a-vision-for-renewable-energy-the-forgotten-story-of-henry-ford-and-ethanol/#The_Model_T_and_Ethanols_Promise,0,297,0%,5.22
https://ecosystemsunited.com/question-how-are-plants-propagated/,0,291,0%,14.35
https://ecosystemsunited.com/a-vision-for-renewable-energy-the-forgotten-story-of-henry-ford-and-ethanol/#Lessons_from_Fords_Vision_for_Ethanol,0,280,0%,4.95
https://ecosystemsunited.com/horticulture/,0,269,0%,9.12
https://ecosystemsunited.com/real-alternatives-to-electric-vehicles/#Q_A_alternatives_to_electric_vehicles,0,267,0%,8.82
https://ecosystemsunited.com/real-alternatives-to-electric-vehicles/#1_Public_transport_that_serves_the_public,0,236,0%,8.58
https://ecosystemsunited.com/an-introduction-to-companion-planting/,0,216,0%,20.21
https://ecosystemsunited.com/precipitation/,0,202,0%,16.03
https://ecosystemsunited.com/what-is-a-farm-what-are-the-different-tax-structures-for-farms/,0,190,0%,14.46
https://ecosystemsunited.com/249-2/,0,184,0%,12.84
https://ecosystemsunited.com/beginners-guide-to-investing-in-biofuels/#Option_1_Invest_in_Biofuel_Stocks,0,168,0%,6.48
https://ecosystemsunited.com/the-benefits-of-urban-agriculture/,0,156,0%,36.58
https://ecosystemsunited.com/crop-wild-relatives-what-they-are-and-why-they-are-important/,0,147,0%,13.79
https://ecosystemsunited.com/10-common-plant-disease-symptoms/,0,141,0%,56.69
https://ecosystemsunited.com/a-vision-for-renewable-energy-the-forgotten-story-of-henry-ford-and-ethanol/#Why_Gasoline_Took_Over,0,139,0%,4.83
https://ecosystemsunited.com/question-what-are-networks-and-how-are-they-classified/,0,129,0%,11.13
https://ecosystemsunited.com/bringing-good-food-to-others-investigating-the-subjects-of-alternative-food-practices/,0,124,0%,6.95
https://ecosystemsunited.com/real-alternatives-to-electric-vehicles/#2_Rethinking_roads_Infrastructure_that_works_for_people,0,124,0%,9.93
https://ecosystemsunited.com/real-alternatives-to-electric-vehicles/#3_eFuels_renewable_fuel_innovation,0,122,0%,9.9
https://ecosystemsunited.com/geoengineering-explained-the-benefits-and-challenges-of-stratospheric-aerosols/,0,122,0%,52.19
https://ecosystemsunited.com/question-what-is-aquaculture-and-why-is-it-important/,0,120,0%,65.62
https://ecosystemsunited.com/a-brief-introduction-to-neoliberalism-in-the-united-states/,0,109,0%,15.06
https://ecosystemsunited.com/beginners-guide-to-investing-in-biofuels/#Option_2_Invest_in_Biofuel_ETFs_Exchange-Traded_Funds_Mutual_Funds,0,106,0%,6.93
https://ecosystemsunited.com/question-what-is-urban-agriculture-and-how-does-it-impact-urban-communities/,0,99,0%,59.49
https://ecosystemsunited.com/question-what-are-the-main-sources-of-energy-in-the-world-why-do-fossil-fuels-still-dominate-our-energy-use/,0,97,0%,10.22
https://ecosystemsunited.com/question-what-does-organic-really-mean/,0,94,0%,64.14
https://ecosystemsunited.com/esg-labels-in-2025/#The_Most_Important_ESG_Labels_in_2025,0,93,0%,8.27
https://ecosystemsunited.com/review-and-analysis-of-of-the-benefits-purposes-and-motivations-associated-with-community-gardens-in-the-united-states/,0,87,0%,5.54
https://ecosystemsunited.com/esg-labels-in-2025/#The_Most_Comprehensive_ESG_Labels,0,87,0%,8.32
https://ecosystemsunited.com/cellulosic-biofuels-explained/#Step_3_Conversion_Into_Fuel,0,86,0%,8.67
https://ecosystemsunited.com/the-social-basis-of-agro-environmental-concern-physical-versus-social-proximity/,0,74,0%,10.01
https://ecosystemsunited.com/cellulosic-biofuels-explained/#Step_4_Refining_and_Fuel_Production,0,73,0%,7.97
https://ecosystemsunited.com/supplier-toolkits-for-csrd-scope-3-requests/,0,73,0%,9.84
https://ecosystemsunited.com/all-about-urbanization/,0,72,0%,9.56
https://ecosystemsunited.com/7-biofuel-trends-to-expect-in-2025/#The_Rise_of_2nd-Generation_Advanced_Biofuels,0,68,0%,9.24
https://ecosystemsunited.com/the-food-systems-approach/,0,59,0%,8.95
https://ecosystemsunited.com/scope-3-csrd-request-toolkits-for-suppliers/,0,58,0%,9.83
https://ecosystemsunited.com/7-tips-for-the-successful-implementation-of-direct-marketing-strategies-by-small-farmers/,0,57,0%,8.58
https://ecosystemsunited.com/most-trustworthy-ecolabels/#The_Top_10_Most_Trustworthy_Ecolabels,0,54,0%,5.89
https://ecosystemsunited.com/most-trustworthy-ecolabels/#What_Makes_an_Ecolabel_Trustworthy,0,54,0%,5.89
https://ecosystemsunited.com/companies-leading-in-cellulosic-biofuels/#Gevo_Inc,0,54,0%,8.8
https://ecosystemsunited.com/companies-leading-in-cellulosic-biofuels/#Mascoma_Corporation,0,54,0%,8.8
https://ecosystemsunited.com/7-biofuel-trends-to-expect-in-2025/#Biofuel_Blending_Mandates_Policy_Support_Driving_Growth,0,51,0%,9.98
https://ecosystemsunited.com/the-influence-of-social-involvment-neighborhood-aesthetics-and-community-garden-participation-on-fruit-and-vegetable-conspumption/,0,50,0%,5.58
https://ecosystemsunited.com/are-you-being-greenwashed-how-to-spot-fake-ecolabels/#5_Signs_of_a_Misleading_or_Fake_Ecolabel,0,48,0%,6.52
https://ecosystemsunited.com/companies-leading-in-cellulosic-biofuels/#BlueFire_Renewables,0,47,0%,8.64
https://ecosystemsunited.com/are-you-being-greenwashed-how-to-spot-fake-ecolabels/#The_Most_Common_Misleading_or_Fake_Ecolabel_Tactics,0,45,0%,6.71
https://ecosystemsunited.com/companies-leading-in-cellulosic-biofuels/#New_Energy_Blue,0,45,0%,9.36
https://ecosystemsunited.com/geoengineering-explained-the-advantages-and-disadvantages-of-ambient-air-capture/,0,44,0%,16.98
https://ecosystemsunited.com/wp-content/uploads/2019/03/ntegrated-pest-management-triangle.png,0,44,0%,18.98
https://ecosystemsunited.com/intercropping-in-organic-agricultural-systems/,0,42,0%,11.74
https://ecosystemsunited.com/csrd-tools-templates-for-smes/,0,41,0%,42.83
https://ecosystemsunited.com/esg-labels-in-2025/#ESG_Labels_Matter_More_Than_Ever,0,38,0%,8.66
https://ecosystemsunited.com/category/circularity/,0,37,0%,8.43
https://ecosystemsunited.com/7-biofuel-trends-to-expect-in-2025/#The_Expansion_of_Renewable_Diesel_HVO_for_Heavy_Transport_Shipping,0,36,0%,9.67
https://ecosystemsunited.com/companion-planting-fact-or-folklore/,0,36,0%,18.22
https://ecosystemsunited.com/7-biofuel-trends-to-expect-in-2025/#Waste-to-Biofuel_Solutions_Scaling_Up,0,35,0%,10.14
https://ecosystemsunited.com/esg-labels-in-2025/#How_to_Spot_ESG_Greenwashing,0,32,0%,8.88
https://ecosystemsunited.com/esg-labels-in-2025/#What_Are_ESG_Labels,0,32,0%,8.88
https://ecosystemsunited.com/how-is-a-beautiful-lawn-the-perfect-antithesis-of-an-ecological-system/,0,30,0%,12.3
https://ecosystemsunited.com/why-is-interest-in-the-alternative-food-movement-growing/,0,29,0%,5.69
https://ecosystemsunited.com/question-how-can-the-use-of-materials-be-reduced-and-what-industries-may-benefit-the-most-from-the-increased-efficiency/,0,29,0%,12.9
https://ecosystemsunited.com/wp-content/uploads/2019/01/how-do-plants-reproduce-sexually.png,0,26,0%,15.96
https://ecosystemsunited.com/2017/03/18/5-reasons-not-to-buy-hybrid-seeds/?share=pinterest&nb=1,0,24,0%,13.04
https://ecosystemsunited.com/companies-leading-in-cellulosic-biofuels/#iogen_Corporation,0,22,0%,8.09
https://ecosystemsunited.com/market-access-certification-readiness/,0,21,0%,6.67
https://ecosystemsunited.com/wp-content/uploads/2016/02/intensieve-veehouderij1.jpg,0,21,0%,15.05
https://ecosystemsunited.com/air-pollution-by-concentrated-animal-feeding-operations/,0,19,0%,22.58
https://ecosystemsunited.com/category/market/,0,18,0%,7.78
https://ecosystemsunited.com/category/energy/,0,18,0%,8
https://ecosystemsunited.com/the-circular-economy-explained/,0,18,0%,23
https://ecosystemsunited.com/geoengineering-explained-the-benefits-and-challenges-of-bioenergy-with-carbon-capture-and-sequestration/,0,18,0%,30.78
https://ecosystemsunited.com/wp-content/uploads/2024/12/inequality-014-1220x763-1.jpg,0,17,0%,14.76
https://ecosystemsunited.com/home/,0,16,0%,2.81
https://ecosystemsunited.com/wp-content/uploads/2019/06/ecolabels.jpg,0,15,0%,21.6
https://ecosystemsunited.com/category/biodiversity/,0,14,0%,7.5
https://ecosystemsunited.com/2019/08/01/what-is-technoscience-how-has-technoscience-impacted-society/,0,13,0%,1.15
https://ecosystemsunited.com/csrd-supplier-response-generator/,0,12,0%,5.58
https://ecosystemsunited.com/7-biofuel-trends-to-expect-in-2025/#Sustainable_Aviation_Fuel_SAF_Gaining_Traction,0,12,0%,9.83
https://ecosystemsunited.com/scope-3-supplier-readiness-scorecard/,0,12,0%,42.83
https://ecosystemsunited.com/are-you-being-greenwashed-how-to-spot-fake-ecolabels/#Ecolabels_Matter_%E2%80%93_But_Not_All_Are_Trustworthy,0,11,0%,5.36
https://ecosystemsunited.com/5-innovative-ev-companies-to-support-in-2025/#_4_Polestar_%E2%80%93_The_Scandinavian_EV_with_Climate_Goals,0,11,0%,8.45
https://ecosystemsunited.com/category/soil-health/,0,11,0%,11.18
https://ecosystemsunited.com/are-you-being-greenwashed-how-to-spot-fake-ecolabels/#What_is_Greenwashing,0,10,0%,6
https://ecosystemsunited.com/electric-vehicle-deep-dive/#The_Electric_Vehicle_Market_Today,0,10,0%,6.8
https://ecosystemsunited.com/5-innovative-ev-companies-to-support-in-2025/#_2_Sono_Motors_%E2%80%93_The_EV_That_Charges_Itself,0,10,0%,7.8
https://ecosystemsunited.com/wp-content/uploads/2019/11/ecolabels-large.png,0,10,0%,17.7
https://ecosystemsunited.com/wp-content/uploads/2025/03/pros-cons-of-advanced-biofuels-website.png,0,10,0%,18.5
https://ecosystemsunited.com/wp-content/uploads/2025/03/biodiesel-vs.-renewable-diesel-683x1024.png,0,10,0%,21
https://ecosystemsunited.com/incentives-and-labeling-in-marine-environments/,0,10,0%,21.8
https://ecosystemsunited.com/what-is-geoengineering/,0,10,0%,70.6
https://ecosystemsunited.com/7-breakthrough-regenerative-agricultural-practices-transforming-food-systems-in-2025/#1_AI-Powered_Precision_Cover_Cropping,0,9,0%,9.33
https://ecosystemsunited.com/wp-content/uploads/2016/03/cereals.jpg,0,9,0%,21.44
https://ecosystemsunited.com/vertical-farming-when-high-tech-meets-food-production/,0,9,0%,30
https://ecosystemsunited.com/turn-sustainability-into-profit/,0,8,0%,4
https://ecosystemsunited.com/7-breakthrough-regenerative-agricultural-practices-transforming-food-systems-in-2025/#2_Bioregional_Seed_Banking_Networks,0,8,0%,9.5
https://ecosystemsunited.com/wp-content/uploads/2020/06/life-cycle-analysis.png,0,8,0%,26
https://ecosystemsunited.com/electric-vehicle-deep-dive/#Consumer_behavior_and_electric_vehicle_adoption,0,7,0%,7.14
https://ecosystemsunited.com/electric-vehicle-deep-dive/#Policy_and_Regulation,0,7,0%,7.14
https://ecosystemsunited.com/electric-vehicle-deep-dive/#Charging_Infrastructure_The_Backbone_of_Electric_Vehicle_Growth,0,7,0%,7.43
https://ecosystemsunited.com/a-concise-description-of-biotechnology/,0,7,0%,13.29
https://ecosystemsunited.com/wp-content/uploads/2019/01/intercropping-1.jpg,0,7,0%,22.57
https://ecosystemsunited.com/electric-vehicle-deep-dive/#Innovations_Driving_the_Electric_Vehicle_Industry_Forward,0,6,0%,6.67
https://ecosystemsunited.com/kill-it-and-eat-it-locavores-give-cities-indigestion/,0,6,0%,8.33
https://ecosystemsunited.com/wp-content/uploads/2025/03/How-to-spot-fake-ecolables-avoid-greenwashing-infographic-683x1024.png,0,6,0%,11.17
https://ecosystemsunited.com/wp-content/uploads/2025/03/a-guide-to-biofuels-timeline-of-biofuel-production.jpg,0,6,0%,13.83
https://ecosystemsunited.com/wp-content/uploads/2025/03/biofuel-trends-in-2025-image.jpg,0,6,0%,14
https://ecosystemsunited.com/category/energy/page/3/,0,6,0%,14.17
https://ecosystemsunited.com/wp-content/uploads/2025/03/a-field-of-intercropping-1024x576.png,0,6,0%,17.33
https://ecosystemsunited.com/wp-content/uploads/2020/06/co-cultural-communication.png,0,6,0%,21.83
https://ecosystemsunited.com/wp-content/uploads/2025/03/website.png,0,6,0%,23
https://ecosystemsunited.com/wp-content/uploads/2016/03/umrb_fig06h.gif,0,6,0%,33.33
https://ecosystemsunited.com/2016/03/15/an-introduction-integrated-pest-management-ipm/?like_comment=91&_wpnonce=14a885821f,0,5,0%,1.8
https://ecosystemsunited.com/incentives-and-labeling-in-marine-environments,0,5,0%,7.4
https://ecosystemsunited.com/5-innovative-ev-companies-to-support-in-2025/#_3_Lightyear_%E2%80%93_Pioneering_Ultra-Efficient_Solar_Mobility,0,5,0%,8.6
https://ecosystemsunited.com/biofuels-in-the-aviation-industry-5-trends/#Why_Biofuels_Matter_in_Aviation,0,5,0%,10.2
https://ecosystemsunited.com/wp-content/uploads/2024/11/global-ethanol-productio.png,0,5,0%,12.8
https://ecosystemsunited.com/wp-content/uploads/2020/02/agriculture_systems.png?w=1024,0,5,0%,14.4
https://ecosystemsunited.com/wp-content/uploads/2019/01/pros-and-cons-of-industrial-agriculture.png,0,5,0%,21
https://ecosystemsunited.com/wp-content/uploads/2025/03/the-top-10-trustworthy-ecolabels1.png,0,5,0%,25.4
https://ecosystemsunited.com/2016/01/15/agricultural-irrigation/?share=linkedin&nb=1,0,4,0%,5.75
https://ecosystemsunited.com/2019/07/23/what-is-a-farm-what-are-the-different-tax-structures-for-farms/?share=linkedin&nb=1,0,4,0%,6.25
https://ecosystemsunited.com/ethanol-explained-a-deep-dive-into-its-market-impacts-and-innovations/#Understanding_ethanols_environmental_impact,0,4,0%,9
https://ecosystemsunited.com/5-innovative-ev-companies-to-support-in-2025/#_1_Aptera_%E2%80%93_A_Solar-Powered_EV_That_Needs_No_Charging,0,4,0%,10
https://ecosystemsunited.com/csrd-workshops-consulting/,0,4,0%,10.5
https://ecosystemsunited.com/wp-content/uploads/2020/05/advantages_disadvantages_agribusiness-1.png?w=737,0,4,0%,14.25
https://ecosystemsunited.com/wp-content/uploads/2017/01/three-sisters4.jpg,0,4,0%,16.75
https://ecosystemsunited.com/wp-content/uploads/2015/12/ecological-overshoot.png,0,4,0%,20.25
https://ecosystemsunited.com/wp-content/uploads/2025/03/Traditional-Biofuels-vs.-Cellulosic-Ethanol-Whats-the-Difference-website-683x1024.png,0,4,0%,23.5
https://ecosystemsunited.com/2016/11/17/the-importance-of-agriculture-and-how-it-has-evolved-throughout-the-past-century/,0,3,0%,1
https://ecosystemsunited.com/livestock-fact-or-prejudice/,0,3,0%,1.67
https://ecosystemsunited.com/ai-powered-precision-cover-cropping-the-future-of-soil-health-management/#How_AI_is_Revolutionizing_Cover_Crops,0,3,0%,2
https://ecosystemsunited.com/ai-powered-precision-cover-cropping-the-future-of-soil-health-management/#Real-World_Success_Stories_with_AI-Powered_Precision_Cover_Cropping,0,3,0%,2
https://ecosystemsunited.com/are-ev-batteries-worse-than-gasoline/#Manufacturing_Emissions_vs_Tailpipe_Emissions,0,3,0%,7.67
https://ecosystemsunited.com/are-ev-batteries-worse-than-gasoline/#The_Hidden_Costs_of_EV_Batteries,0,3,0%,7.67
https://ecosystemsunited.com/ethanol-explained-a-deep-dive-into-its-market-impacts-and-innovations/#Consumer_Behavior_and_Ethanol_Adoption,0,3,0%,8.67
https://ecosystemsunited.com/ethanol-explained-a-deep-dive-into-its-market-impacts-and-innovations/#The_Ethanol_Market_Today,0,3,0%,8.67
https://ecosystemsunited.com/ecolabels-premium-market-access/,0,3,0%,9.67
https://ecosystemsunited.com/biofuels-in-the-aviation-industry-5-trends/#2_The_cost_scalability_challenges_of_biofuels_in_the_aviation_industry,0,3,0%,10.33
https://ecosystemsunited.com/biofuels-in-the-aviation-industry-5-trends/#3_Government_policies_supporting_biofuels_in_the_aviation_industry,0,3,0%,10.33
https://ecosystemsunited.com/wp-content/uploads/2021/03/business-structure-large-1.jpg,0,3,0%,11
https://ecosystemsunited.com/wp-content/uploads/2025/03/a-comparison-of-small-vs-large-agribusiness-1024x576.png,0,3,0%,12.67
https://ecosystemsunited.com/wp-content/uploads/2016/03/life-cycle.jpg,0,3,0%,14.67
https://ecosystemsunited.com/wp-content/uploads/2020/05/agriculture_evolution_or_devolution_agri_palace.jpg,0,3,0%,15.33
https://ecosystemsunited.com/wp-content/uploads/2025/03/types-of-plant-resistance.png,0,3,0%,16
https://ecosystemsunited.com/2014/08/13/the-food-pyramid-a-brief-history/?share=pinterest&nb=1,0,3,0%,16.33
https://ecosystemsunited.com/wp-content/uploads/2019/02/life-cycle-of-plants.jpg,0,3,0%,18.67
https://ecosystemsunited.com/wp-content/uploads/2016/03/041106250_disease_triangle_xlg.jpg,0,3,0%,20.67
https://ecosystemsunited.com/wp-content/uploads/2015/05/food-mart.jpg,0,3,0%,23.33
https://ecosystemsunited.com/wp-content/uploads/2019/01/organic_farming.jpg,0,3,0%,23.33
https://ecosystemsunited.com/wp-content/uploads/2019/01/strong-vs.-weak-sustainabilit-1.png,0,3,0%,23.33
https://ecosystemsunited.com/wp-content/uploads/2020/07/smart-city.jpg,0,3,0%,29.33
https://ecosystemsunited.com/?post_type=post&p=419,0,3,0%,39.33
https://ecosystemsunited.com/wp-content/uploads/2019/01/surface-sealing.jpg,0,3,0%,39.67
https://ecosystemsunited.com/privacy-policy/,0,2,0%,3
https://ecosystemsunited.com/category/circularity/page/2/,0,2,0%,4
https://ecosystemsunited.com/wp-content/uploads/2025/03/perennial-grain-systems-with-polyculture-1024x576.png,0,2,0%,4.5
https://ecosystemsunited.com/7-breakthrough-regenerative-agricultural-practices-transforming-food-systems-in-2025/#5_Biochar-Compost_Hybrid_Systems,0,2,0%,5
https://ecosystemsunited.com/2016/03/25/buffer-zones-buffer-strips-what-they-are-and-why-we-need-them/?like_comment=95&_wpnonce=70b155be95,0,2,0%,6
https://ecosystemsunited.com/wp-content/uploads/2024/03/plant-resistance-types.png,0,2,0%,6
https://ecosystemsunited.com/7-breakthrough-regenerative-agricultural-practices-transforming-food-systems-in-2025/#4_Silvopasture_Carbon_Markets,0,2,0%,7
https://ecosystemsunited.com/wp-content/uploads/2019/01/new-food-pyramid.jpg,0,2,0%,7
https://ecosystemsunited.com/ethanol-explained-a-deep-dive-into-its-market-impacts-and-innovations/#How_policy_shapes_the_future_of_ethanol,0,2,0%,9
https://ecosystemsunited.com/biofuels-in-the-aviation-industry-5-trends/#4_Can_biofuels_in_the_aviation_industry_replace_kerosene,0,2,0%,10
https://ecosystemsunited.com/category/circularity/page/3/,0,2,0%,10
https://ecosystemsunited.com/2016/02/19/crop-wild-relatives-what-they-are-and-why-they-are-important/?like_comment=88&_wpnonce=9e2350ec18,0,2,0%,13
https://ecosystemsunited.com/2018/10/07/factory-farming-and-human-health/?share=telegram&nb=1,0,2,0%,13
https://ecosystemsunited.com/wp-content/uploads/2019/02/plant-necrosis.jpg,0,2,0%,13
https://ecosystemsunited.com/wp-content/uploads/2020/06/life-cycle-analysis-1024x683.png,0,2,0%,16
https://ecosystemsunited.com/wp-content/uploads/2025/03/biofuel-trends-in-2025-website-1.png,0,2,0%,18.5
https://ecosystemsunited.com/wp-content/uploads/2025/03/AGRICULTURE-vs.-AGRIBUSINESS-WHATS-THE-DIFFERENCE1-683x1024.png,0,2,0%,19
https://ecosystemsunited.com/wp-content/uploads/2019/01/strong-and-weak-sustainability-836x1024.png,0,2,0%,19.5
https://ecosystemsunited.com/wp-content/uploads/2016/03/index46440.png,0,2,0%,20.5
https://ecosystemsunited.com/wp-content/uploads/2019/01/baculo.jpg,0,2,0%,21
https://ecosystemsunited.com/wp-content/uploads/2019/04/social-exclusion.png,0,2,0%,23
https://ecosystemsunited.com/wp-content/uploads/2019/06/indutrial-agriculture-stockyards.jpg,0,2,0%,23
https://ecosystemsunited.com/category/market/page/3/,0,2,0%,24
https://ecosystemsunited.com/wp-content/uploads/2025/03/shutterstock_72840982_Iron-1-scaled-1.jpg,0,2,0%,24.5
https://ecosystemsunited.com/2017/01/13/zero-acreage-farming-zfarming-what-it-is-and-how-it-can-change-the-future-of-urban-agriculture/?share=linkedin&nb=1,0,2,0%,25.5
https://ecosystemsunited.com/wp-content/uploads/2016/01/corn-and-teosinte_h1.jpg,0,2,0%,26.5
https://ecosystemsunited.com/wp-content/uploads/2019/02/domestic-and-wild-plants.png,0,2,0%,34.5
https://ecosystemsunited.com/2016/11/27/the-benefits-and-problems-associated-with-aquaculture/?share=jetpack-whatsapp&nb=1,0,2,0%,35.5
https://ecosystemsunited.com/2016/11/28/5-ways-that-humans-impact-ecosystems/?share=linkedin&nb=1,0,2,0%,40.5
https://ecosystemsunited.com/wp-content/uploads/2015/01/1983-algae-bloom1.jpg,0,2,0%,43
https://ecosystemsunited.com/2015/12/16/agricultural-drainage/,0,1,0%,1
https://ecosystemsunited.com/2017/03/18/5-reasons-not-to-buy-hybrid-seeds/?share=facebook&nb=1,0,1,0%,1
https://ecosystemsunited.com/2016/11/21/geoengineering-explained-the-benefits-and-challenges-of-albedo-enhancement/,0,1,0%,2
https://ecosystemsunited.com/2016/01/15/agricultural-irrigation/?share=facebook&nb=1,0,1,0%,4
https://ecosystemsunited.com/7-breakthrough-regenerative-agricultural-practices-transforming-food-systems-in-2025/#3_Mycorrhizal_Fungal_Network_Enhancement,0,1,0%,4
https://ecosystemsunited.com/shaping-sustainable-cities-the-intersection-of-urban-planning-and-energy-consumption/#Performance-Based_Approaches_Modeling_the_Future_of_Urban_Planning,0,1,0%,4
https://ecosystemsunited.com/shaping-sustainable-cities-the-intersection-of-urban-planning-and-energy-consumption/#Understanding_the_Nexus_Urban_Design_and_Energy_Consumption,0,1,0%,4
https://ecosystemsunited.com/wp-content/uploads/2024/11/13143.jpg,0,1,0%,4
https://ecosystemsunited.com/wp-content/uploads/2024/11/ec-gt08xoaixp9_.jpg,0,1,0%,4
https://ecosystemsunited.com/wp-content/uploads/2025/03/perennial-sorghum-1024x576.png,0,1,0%,4
https://ecosystemsunited.com/the-economics-of-regenerative-agriculture/#An_economic_assessment_framework,0,1,0%,5
https://ecosystemsunited.com/the-economics-of-regenerative-agriculture/#Beyond_sustainability_to_profitability,0,1,0%,5
https://ecosystemsunited.com/the-economics-of-regenerative-agriculture/#Economic_impact_by_regenerative_practice,0,1,0%,5
https://ecosystemsunited.com/wp-content/uploads/2017/03/making-a-hybrid-corn.png,0,1,0%,5
https://ecosystemsunited.com/cover-crop-seeds-for-soil-regeneration/#Building_Your_Custom_Soil_Mix_Using_Cover_Crops_Seeds_for_Soil_Regeneration,0,1,0%,6
https://ecosystemsunited.com/cover-crop-seeds-for-soil-regeneration/#Top_Categories_for_Cover_Crop_Seed_Soil_Regeneration,0,1,0%,6
https://ecosystemsunited.com/cover-crop-seeds-for-soil-regeneration/#What_Do_Cover_Crop_Seeds_for_Soil_Regeneration_Cost_and_Save,0,1,0%,6
https://ecosystemsunited.com/cover-crop-seeds-for-soil-regeneration/#Why_Cover_Crops_Seeds_for_Soil_Regeneration_Are_Your_First_Step_Toward_Sustainability,0,1,0%,6
https://ecosystemsunited.com/2016/11/14/geoengineering-explained-the-benefits-and-challenges-of-afforestation/?share=linkedin&nb=1,0,1,0%,7
https://ecosystemsunited.com/wp-content/uploads/2025/03/advanced-biofuels-algae.png,0,1,0%,7
https://ecosystemsunited.com/ethanol-explained-a-deep-dive-into-its-market-impacts-and-innovations/#How_technical_innovation_is_transforming_ethanol_production,0,1,0%,8
https://ecosystemsunited.com/what-does-it-mean-to-be-open-source-why-is-interest-in-open-source-licensing-growing/,0,1,0%,9
https://ecosystemsunited.com/2019/03/01/the-dangers-of-industrial-agriculture/?share=telegram&nb=1,0,1,0%,10
https://ecosystemsunited.com/electric-vehicle-deep-dive/#Environmental_Impacts_of_Electric_Vehicles,0,1,0%,10
https://ecosystemsunited.com/wp-content/uploads/2025/03/iogen-logo-2025.png,0,1,0%,10
https://ecosystemsunited.com/ultimate-guide-to-biofuels/#Advantages_of_Biofuels_Who_Benefits_How,0,1,0%,11
https://ecosystemsunited.com/ultimate-guide-to-biofuels/#Exploring_the_Types_of_Biofuels,0,1,0%,11
https://ecosystemsunited.com/wp-content/uploads/2024/11/25412.jpg,0,1,0%,11
https://ecosystemsunited.com/2017/02/02/question-what-are-small-farms-how-do-they-contribute-to-society-and-what-struggles-are-they-faced-with/?share=jetpack-whatsapp&nb=1,0,1,0%,12
https://ecosystemsunited.com/what-are-oligarchies/#The_Consequences_of_Oligarchies,0,1,0%,12
https://ecosystemsunited.com/what-are-oligarchies/#The_Core_Traits_of_Oligarchies,0,1,0%,12
https://ecosystemsunited.com/wp-content/uploads/2019/01/myplate.jpg,0,1,0%,12
https://ecosystemsunited.com/wp-content/uploads/2024/11/499584.jpg,0,1,0%,12
https://ecosystemsunited.com/wp-content/uploads/2019/01/strong-vs.-weak-sustainabilit-1-300x178.png,0,1,0%,14
https://ecosystemsunited.com/wp-content/uploads/2025/03/shutterstock_72840982_Iron-1-scaled-1-1024x1024.jpg,0,1,0%,15
https://ecosystemsunited.com/wp-content/uploads/2019/03/aquaculture-aerial-view_1600.jpg,0,1,0%,17
https://ecosystemsunited.com/wp-content/uploads/2025/03/perennial-sunflower-1024x576.png,0,1,0%,17
https://ecosystemsunited.com/wp-content/uploads/2019/07/salt-tolerance.jpg,0,1,0%,18
https://ecosystemsunited.com/wp-content/uploads/2024/12/sinha-oligarchs-ftr_img-680x430-1.jpg,0,1,0%,18
https://ecosystemsunited.com/wp-content/uploads/2025/03/a-comparison-of-small-vs-large-agribusiness.png,0,1,0%,18
https://ecosystemsunited.com/wp-content/uploads/2025/03/perennial-grain-polyculture-1024x576.png,0,1,0%,18
https://ecosystemsunited.com/wp-content/uploads/2025/03/enerkem-logo-1024x535.png,0,1,0%,19
https://ecosystemsunited.com/wp-content/uploads/2015/11/hydrological-cycle.jpg,0,1,0%,20
https://ecosystemsunited.com/wp-content/uploads/2016/03/13-researchersd.jpg,0,1,0%,20
https://ecosystemsunited.com/wp-content/uploads/2024/02/illustration-of-a-sustainable-cityscape-wih-energy.webp,0,1,0%,20
https://ecosystemsunited.com/wp-content/uploads/2025/03/rio-tinto-logo-1024x407.jpg,0,1,0%,21
https://ecosystemsunited.com/wp-content/uploads/2025/03/Schematic-depiction-of-the-different-biofuel-generationsIllustrations-of-possible-1.png,0,1,0%,22
https://ecosystemsunited.com/wp-content/uploads/2025/03/biofuel-in-a-corn-field.webp,0,1,0%,23
https://ecosystemsunited.com/wp-content/uploads/2016/02/irri.jpg,0,1,0%,26
https://ecosystemsunited.com/wp-content/uploads/2015/05/cost-difference.jpg,0,1,0%,27
https://ecosystemsunited.com/wp-content/uploads/2016/03/plate12_grass.jpg,0,1,0%,27
https://ecosystemsunited.com/wp-content/uploads/2016/02/mongolian-grasslands.jpg,0,1,0%,28
https://ecosystemsunited.com/wp-content/uploads/2020/05/agriculture_evolution_or_devolution_agri_palace-1024x662.jpg,0,1,0%,28
https://ecosystemsunited.com/wp-content/uploads/2025/03/cellulosic-biofuels-768x461.png,0,1,0%,28
https://ecosystemsunited.com/wp-content/uploads/2025/03/types-of-plant-resistance-1024x683.png,0,1,0%,28
https://ecosystemsunited.com/wp-content/uploads/2019/01/supply-chain-history.png,0,1,0%,30
https://ecosystemsunited.com/wp-content/uploads/2024/12/untitled.jpg,0,1,0%,30
https://ecosystemsunited.com/wp-content/uploads/2025/03/Advanced-biofuels-infographic_-website-683x1024.png,0,1,0%,30
https://ecosystemsunited.com/wp-content/uploads/2019/03/aquaculture-process.png,0,1,0%,31
https://ecosystemsunited.com/2016/11/27/the-benefits-and-problems-associated-with-aquaculture/?share=pinterest&nb=1,0,1,0%,32
https://ecosystemsunited.com/category/market/page/2/,0,1,0%,38
https://ecosystemsunited.com/wp-content/uploads/2025/03/ai-farming-sensor-drone-1024x576.png,0,1,0%,39
https://ecosystemsunited.com/category/energy/page/2/,0,1,0%,44
https://ecosystemsunited.com/wp-content/uploads/2025/03/traditional-vs.-cellulosic-biofuel-emissions-1024x683.png,0,1,0%,69