Top queries,Clicks,Impressions,CTR,Position
history of agribusiness,68,214,31.78%,2.3
crop quality,36,2342,1.54%,4.68
disadvantages of intercropping,17,1407,1.21%,2.03
technoscience,12,2496,0.48%,7.36
disadvantage of intercropping,12,316,3.8%,2.37
intercropping disadvantages,11,625,1.76%,3.38
advantages and disadvantages of intercropping,11,469,2.35%,1.49
what is co culture in communication,11,450,2.44%,2.02
intercropping advantages and disadvantages,10,636,1.57%,1.33
advantages of eco labelling,9,115,7.83%,2.56
tolerance vs resistance in plants,9,90,10%,2.57
strong sustainability,8,807,0.99%,5.26
types of plant resistance,8,91,8.79%,1.27
what is eco labelling what are its advantages,7,984,0.71%,2.35
co cultural theory,7,509,1.38%,5.77
co-cultural theory,7,386,1.81%,5.65
ethanol debate,7,87,8.05%,3.07
types of ecolabels,7,46,15.22%,2.65
advantages of intercropping,6,2972,0.2%,2.06
ocean alkalinity enhancement pros and cons,6,63,9.52%,6.57
advantage of intercropping,5,1162,0.43%,1.84
intensive vs extensive farming,5,1051,0.48%,7.9
difference between resistance and tolerance,5,209,2.39%,3.75
what is technoscience,5,177,2.82%,4.68
benefits of eco labelling,5,41,12.2%,2.32
agribusiness history,5,21,23.81%,2.67
original food pyramid 1960,4,333,1.2%,2.58
what is strong sustainability,4,121,3.31%,4.51
1960s food pyramid,4,114,3.51%,1.43
resistance vs tolerance in plants,4,84,4.76%,1.44
polyculture vs intercropping,4,70,5.71%,1.57
historia de la agroindustria,4,39,10.26%,2.9
z farming,4,28,14.29%,1.71
pros and cons of biofuels,3,453,0.66%,10.36
intercropping pros and cons,3,242,1.24%,2.86
advantages and disadvantages of ethanol,3,169,1.78%,8.39
co cultural communication theory,3,152,1.97%,5.12
co-cultural communication theory,3,144,2.08%,4.47
alternative food networks,3,120,2.5%,9.31
disadvantages of urban agriculture,3,107,2.8%,4.01
disadvantages of agribusiness,3,106,2.83%,1.17
intensive and extensive system of livestock management,3,75,4%,1.76
co culture theory,3,73,4.11%,4.71
origen de la agroindustria,3,71,4.23%,3.63
difference between resistance and tolerance in plants,3,59,5.08%,1.76
ortak kültür nedir,3,55,5.45%,7.53
types of eco labelling,3,53,5.66%,1.91
types of resistance in plants,3,49,6.12%,2.31
co cultures communication,3,26,11.54%,2.42
co culture examples,2,1195,0.17%,15.98
ecolabels,2,425,0.47%,13.97
disadvantages of afforestation,2,297,0.67%,8.48
difference between intensive and extensive farming with examples,2,266,0.75%,6.11
advantages of inter cropping,2,197,1.02%,2.25
co culture communication,2,154,1.3%,3.56
difference between agriculture and agribusiness,2,138,1.45%,4.49
cellulosic biofuel,2,133,1.5%,8.43
eco labelling examples,2,125,1.6%,7.18
sustainable aviation fuel stocks,2,117,1.71%,6.65
albedo enhancement,2,110,1.82%,6.47
benefits of agribusiness,2,90,2.22%,2.24
intercropping vs polyculture,2,84,2.38%,2.98
co-cultural communication,2,67,2.99%,3.12
pros and cons of agribusiness,2,63,3.17%,1.38
cry of the kalahari summary,2,59,3.39%,8.34
strong sustainability definition,2,53,3.77%,5.62
types of eco labels,2,44,4.55%,2.52
perbedaan polikultur dan tumpangsari,2,43,4.65%,5.86
hydrology 101,2,41,4.88%,7.9
cons of urban farming,2,40,5%,6.75
everything i want to do is illegal summary,2,29,6.9%,1.41
agricultura industrial ventajas y desventajas,2,27,7.41%,8.11
food pyramid 1960,2,25,8%,4.64
ecolabel type 1 2 3,2,24,8.33%,3.04
ford model t ethanol,2,20,10%,6.1
diferencia entre resistencia y tolerancia en plantas,2,6,33.33%,2.17
agricultural drainage,1,2357,0.04%,8.71
difference between agriculture and farming,1,1363,0.07%,5.79
biofuels pros and cons,1,896,0.11%,32.48
intensive and extensive farming,1,709,0.14%,8.68
intensive vs extensive agriculture,1,666,0.15%,9.85
human carrying capacity,1,632,0.16%,6.38
extensive system,1,542,0.18%,6.68
row intercropping,1,446,0.22%,3.41
types of intercropping,1,420,0.24%,6.18
economic importance of poaceae family,1,376,0.27%,1.28
intensive farming and extensive farming,1,363,0.28%,9.64
green revolution,1,360,0.28%,75.85
pros and cons of ethanol,1,352,0.28%,8.03
extensive and intensive farming,1,322,0.31%,8.85
intensive agriculture,1,318,0.31%,76.2
what are the advantage of intercropping,1,310,0.32%,2.69
advantages of fire,1,284,0.35%,9.13
plant resistance,1,276,0.36%,6.72
resistance vs tolerance,1,245,0.41%,6.38
tolerance vs resistance,1,242,0.41%,8.2
agricultura intensiva y extensiva,1,236,0.42%,10.94
co culture meaning,1,227,0.44%,10.74
economic importance of poaceae,1,217,0.46%,2.1
pros and cons of producing and burning ethanol,1,216,0.46%,8.31
introduction to hydrology,1,206,0.49%,5.61
saf investment,1,202,0.5%,41.06
difference between extensive and intensive agriculture,1,181,0.55%,8.15
future of biofuels,1,181,0.55%,24.61
f1 hybrid seeds disadvantages,1,178,0.56%,8.22
urban farming disadvantages,1,176,0.57%,3.69
industrial food system,1,167,0.6%,8.41
extensive farming and intensive farming,1,156,0.64%,11.55
importance of agribusiness,1,148,0.68%,9.26
extensive farming meaning,1,147,0.68%,17.44
what is the advantage of intercropping,1,144,0.69%,2.38
pros and cons of intercropping,1,135,0.74%,4.94
two advantages of intercropping,1,126,0.79%,2.31
technoscience definition,1,126,0.79%,6.31
types of host plant resistance,1,119,0.84%,1.87
intercropping cons,1,117,0.85%,5.09
afforestation disadvantages,1,107,0.93%,8.61
agribusiness vs agriculture,1,104,0.96%,3.82
intensive and extensive farming difference,1,102,0.98%,7.87
hydrology terms,1,95,1.05%,6.66
kulintantra kya hai,1,95,1.05%,9.04
mixed intercropping,1,95,1.05%,10.62
cellulosic biofuels,1,94,1.06%,7
5 disadvantages of intercropping,1,88,1.14%,1.84
advantage of fire,1,84,1.19%,8.62
tolerance in plants,1,81,1.23%,1.53
strong sustainability model,1,81,1.23%,2.53
weak sustainability and strong sustainability,1,76,1.32%,7.2
industrial agriculture benefits,1,76,1.32%,13.64
difference between tolerance and resistance in plants,1,71,1.41%,1.62
monogenic resistance,1,66,1.52%,1.97
strong sustainability examples,1,66,1.52%,2.98
agriculture drainage,1,65,1.54%,7.08
advantage and disadvantage of intercropping,1,60,1.67%,1.42
technoscientific meaning,1,60,1.67%,5.85
pros and cons of ethanol fuel,1,59,1.69%,7.37
co-cultural groups,1,58,1.72%,3.29
tolerant vs resistant,1,58,1.72%,4.53
semi extensive farming,1,58,1.72%,5.88
10 importance of drainage in agriculture,1,57,1.75%,3.6
cellulosic biofuel production,1,55,1.82%,9.42
pros and cons of ocean alkalinity enhancement,1,54,1.85%,8.69
intensive agriculture and extensive agriculture,1,52,1.92%,8.31
what is a co culture in communication,1,51,1.96%,2.22
types of drainage system in agriculture,1,51,1.96%,4.57
advantages and disadvantages of hybrid seeds,1,50,2%,8.66
alternatives to electric cars,1,50,2%,9.08
explain the drawbacks of agricultural market,1,49,2.04%,2.96
the cry of the kalahari,1,49,2.04%,7.61
what are the disadvantages of intercropping,1,47,2.13%,1.4
space mirrors pros and cons,1,47,2.13%,7.09
अंतर फसल प्रणाली को समझाइए,1,47,2.13%,10.34
what is agriculture irrigation,1,45,2.22%,79.24
semillas híbridas ventajas y desventajas,1,43,2.33%,9.49
what is co cultural theory,1,42,2.38%,5
diferencia entre resistencia y tolerancia,1,42,2.38%,6.6
cocultural theory,1,41,2.44%,5.83
different between intensive and extensive farming,1,41,2.44%,8.39
industrial farming pros and cons,1,41,2.44%,14.63
co cultural group,1,39,2.56%,3.21
introduction of plant disease,1,39,2.56%,6.23
purpose of irrigation system,1,38,2.63%,7.16
benefit of fire,1,38,2.63%,8.16
surface albedo enhancement,1,37,2.7%,8
intensive extensive farming,1,37,2.7%,10.11
eco-labelling,1,36,2.78%,10.31
agribusiness advantages,1,35,2.86%,3.17
co cultural theory examples,1,34,2.94%,2.82
agribusiness pros and cons,1,32,3.12%,1.09
example of strong sustainability,1,32,3.12%,2.88
ford ethanol,1,30,3.33%,4.47
co culture meaning in communication,1,29,3.45%,1.9
co communication,1,29,3.45%,13.69
plant tolerance vs defense,1,28,3.57%,4.21
importance of grass,1,28,3.57%,8.21
benefits of industrial farming,1,28,3.57%,13.32
what is the human carrying capacity on earth,1,25,4%,1.52
advantages and disadvantages of agribusiness,1,24,4.17%,1.08
concept of agribusiness,1,24,4.17%,9.42
smart people smart city,1,23,4.35%,14.91
advantages of factory farming,1,23,4.35%,19.09
cellulosic ethanol companies,1,21,4.76%,3.05
define co-culture,1,21,4.76%,15.76
capacidad de carga humana,1,19,5.26%,5.58
what is a co cultural group,1,17,5.88%,2.88
tipos de ecoetiquetas,1,16,6.25%,10
industrialized food system,1,16,6.25%,11.31
poacea,1,14,7.14%,1.71
development of agribusiness,1,14,7.14%,5.86
human impact ecosystems,1,14,7.14%,42.36
1950s food pyramid,1,13,7.69%,8.54
resistencia y tolerancia,1,13,7.69%,9.62
difference between intercropping and polyculture,1,12,8.33%,1.5
saf investments,1,12,8.33%,12.67
what is cellulosic ethanol,1,12,8.33%,24.5
types of ipm,1,8,12.5%,4.88
cry of the kalahari controversy,1,8,12.5%,12.38
history of the food pyramid,1,8,12.5%,63.75
plant resistant varieties,1,7,14.29%,8.86
csrd smes,1,6,16.67%,48.83
benefits of large scale farming,1,5,20%,3
zfarming,1,4,25%,7.5
pros and cons of using ethanol,1,3,33.33%,6.67
hybrid wheat seeds,1,2,50%,2
"write down four major differences between intensive subsistence farming and 
commercial grain farming",1,2,50%,4
5 characteristics of intensive farming,1,2,50%,15.5
how human activities affect the natural ecosystem,1,2,50%,45
ethanol mandates,1,1,100%,1
hybrid beetroot seeds,1,1,100%,1
why are food deserts bad,1,1,100%,1
hybrid cucumber seeds price,1,1,100%,2
esg passport,1,1,100%,6
agribusiness what is it,1,1,100%,19
cause of plant disease,1,1,100%,22
what is agribusiness,0,1392,0%,41.04
biofuel companies,0,1286,0%,28.74
difference between intensive and extensive farming,0,1201,0%,7.74
intensive system,0,1070,0%,3.07
is dairy farming intensive or extensive,0,917,0%,2.13
what are the advantages of intercropping,0,875,0%,2.83
intercropping,0,829,0%,28.67
is there a human carrying capacity on earth,0,793,0%,1.27
oligarchies,0,785,0%,12.45
examples of co cultures,0,782,0%,25.97
everything i want to do is illegal,0,774,0%,8.65
smart cities,0,773,0%,87.61
agriculture drainage system,0,747,0%,9.57
intensive livestock farming,0,658,0%,9.48
co cultures examples,0,658,0%,24.53
intensive animal farming,0,642,0%,22.16
farmland drainage systems,0,636,0%,18.82
eco labels,0,628,0%,58.09
is grain farming intensive or extensive,0,619,0%,1.74
agribusiness,0,599,0%,31.51
advanced biofuel,0,583,0%,53.68
examples of co culture,0,572,0%,22.32
clusters company,0,566,0%,49.02
extensive agriculture,0,556,0%,23.6
4th generation biofuels,0,545,0%,16.64
intercropping advantages,0,491,0%,4.58
intensive farming,0,489,0%,41.75
difference between intensive and extensive agriculture,0,481,0%,7.42
traditional biofuels,0,478,0%,22.14
pros of biofuels,0,477,0%,40.41
farm drainage system,0,470,0%,37.6
intercropping meaning,0,458,0%,13.64
types of drainage in agriculture,0,454,0%,3.22
extensive farming,0,450,0%,26.18
eco labelling,0,444,0%,8.45
soil sealing,0,439,0%,12.37
ecolabel,0,438,0%,34.8
farm field drainage systems,0,433,0%,55.07
industrial meat production,0,428,0%,35
biofuels explained,0,427,0%,52.24
industrial agriculture,0,427,0%,83.17
food desert,0,415,0%,56.49
disadvantages of agriculture,0,405,0%,8.74
fourth generation biofuels,0,404,0%,24.43
institutions,0,395,0%,86.72
difference between extensive and intensive farming,0,394,0%,7.41
advanced biofuels market,0,393,0%,67.69
weak vs strong sustainability,0,387,0%,8.8
ecolabelling,0,373,0%,11.02
life cycle assessment,0,373,0%,46.65
what is drainage in agriculture,0,372,0%,1.81
advantages of biofuels,0,369,0%,31.05
extensive vs intensive farming,0,359,0%,8.32
intercropping definition,0,359,0%,11.91
carrying capacity,0,354,0%,18.01
food desert meaning,0,352,0%,8.87
food desert definition,0,349,0%,12.77
poaceae,0,344,0%,2.35
weak and strong sustainability,0,342,0%,11.4
what are oligarchs,0,337,0%,4.55
intensive farming vs extensive farming,0,337,0%,9.29
food deserts,0,336,0%,74.64
what are the pros and cons of producing and burning ethanol,0,330,0%,6.05
strip intercropping examples,0,328,0%,1.71
how do you optimize a value chain,0,325,0%,28.15
integrated pest management,0,321,0%,53.34
types of biofuels,0,319,0%,36.39
techno science,0,318,0%,15
list of biofuels,0,313,0%,42.71
eco label,0,310,0%,41.26
advantages and disadvantages of agriculture,0,304,0%,4.09
z farm,0,302,0%,10.05
drainage in agriculture,0,299,0%,3.28
what is carrying capacity in an ecosystem,0,296,0%,1.52
principles of organic farming,0,289,0%,16.46
strip cropping disadvantages,0,285,0%,9.42
definition of aquaculture,0,281,0%,60.03
co-culture,0,280,0%,29.63
intensive and extensive agriculture,0,267,0%,9.83
what is the difference between agriculture and farming,0,265,0%,12.44
benefits of intercropping,0,262,0%,2.07
intensive agriculture vs extensive agriculture,0,255,0%,11.65
advanced biofuels,0,255,0%,53.69
co-cultures,0,250,0%,14.96
difference between farming and agriculture,0,249,0%,8.72
large agribusiness,0,247,0%,22.65
agricultural irrigation,0,243,0%,64.31
agro vs agri,0,242,0%,5.66
what is the difference between intensive and extensive farming,0,242,0%,8.57
semi intensive system,0,240,0%,4.93
inter cropping,0,240,0%,6.27
intercropping drawing,0,238,0%,3.35
extensive vs intensive agriculture,0,233,0%,7.52
difference between agriculture and agricultural,0,232,0%,8.47
renewable diesel vs biodiesel,0,230,0%,41.78
what is the carrying capacity for humans,0,228,0%,1.77
intercropping benefits,0,228,0%,2.31
difference between tolerance and resistance,0,227,0%,3.97
agricultural drainage system,0,227,0%,12.1
purpose of irrigation,0,225,0%,6.28
intercropping examples,0,219,0%,9.32
intercropping adalah,0,219,0%,9.78
oligarchy,0,219,0%,17.68
agriculture and farming difference,0,217,0%,8.18
vertical resistance,0,216,0%,8.56
agricultural drainage systems,0,213,0%,9.02
farm field drainage,0,210,0%,79.13
plant tolerance,0,208,0%,1.66
intensive livestock production,0,207,0%,5.97
lifecycle analysis,0,206,0%,85.81
what is the carrying capacity of humans,0,205,0%,2.32
strong and weak sustainability,0,205,0%,9.04
what is intensive system,0,203,0%,5.45
extensive farming vs intensive farming,0,201,0%,11.72
biofuel company,0,201,0%,52.8
ecolabeling regulatory support,0,201,0%,64.86
field drainage system,0,197,0%,59.26
what is eco-labelling what are its advantages,0,196,0%,2.23
agriculture disadvantages,0,196,0%,9.31
hydrology,0,196,0%,71.84
strong vs weak sustainability,0,195,0%,7.5
intensive farming extensive farming,0,194,0%,14.3
next generation biofuel market,0,191,0%,59.18
intensive production system,0,190,0%,4.27
principal agent problem,0,190,0%,60.79
irrigation purpose,0,187,0%,6.32
poaceae economic importance,0,186,0%,1.75
what is extensive system,0,185,0%,5.7
value chain,0,185,0%,89.07
advanced biofuels definition,0,184,0%,61.97
dairy farming intensive or extensive,0,183,0%,2.26
ethanol pros and cons,0,182,0%,4.27
importance of drainage,0,178,0%,32.89
differentiate between intensive and extensive farming,0,177,0%,6.57
distinguish between intensive and extensive farming,0,177,0%,7.67
what is extensive farming,0,177,0%,14.78
co cultures,0,176,0%,5.57
hybrid seeds,0,175,0%,36.31
biofuels types,0,173,0%,45.18
food and agribusiness,0,172,0%,73
cry of the kalahari,0,171,0%,10.08
pros and cons of agriculture,0,170,0%,3.96
economic importance of family poaceae,0,169,0%,1.82
afforestation advantages and disadvantages,0,169,0%,7.04
what is the difference between intensive and extensive agriculture,0,169,0%,9.17
agriculture importance,0,169,0%,74.92
difference between intensive farming and extensive farming,0,168,0%,7.81
agribusiness meaning,0,168,0%,56.63
what is crop breeding,0,166,0%,1.6
5 difference between agriculture and farming,0,164,0%,7.63
why is ethanol a renewable resource,0,163,0%,46.12
what is horticulture,0,163,0%,60.61
social exclusion,0,163,0%,62.74
what is “carrying capacity”? what is the carrying capacity for humans?,0,162,0%,1
intercropping diagram,0,161,0%,3.82
agri vs agro,0,161,0%,5.47
disadvantage of agriculture,0,161,0%,11.04
advantages of afforestation,0,160,0%,8.87
what is plant breeding,0,159,0%,6.06
importance of agriculture,0,159,0%,76.62
poaceae family economic importance,0,158,0%,1.33
advantages and disadvantages of agricultural marketing,0,158,0%,5.97
why is ethanol a biofuel,0,158,0%,28.92
corporation economics definition,0,157,0%,5.64
is livestock ranching intensive or extensive,0,154,0%,7.48
agricultural extension,0,154,0%,58.86
difference between agri and agro,0,153,0%,7.04
extensive livestock farming,0,153,0%,19.05
environmental management,0,148,0%,85.22
5 advantages of intercropping,0,147,0%,3.85
ethanol advantages and disadvantages,0,147,0%,6.52
what is co culture,0,146,0%,8.51
biofuels pros and cons list,0,146,0%,55.84
resistance and tolerance difference,0,145,0%,3.77
a system of rearing livestock using highly intensive methods,0,144,0%,1
life cycle analysis,0,144,0%,48.9
mixed crop and livestock intensive or extensive,0,143,0%,1.38
agriculture advantages and disadvantages,0,143,0%,4.23
what are co cultures,0,143,0%,9.34
biofuel advantages,0,143,0%,16.58
tolerance and resistance difference,0,142,0%,3.96
strip intercropping,0,142,0%,12.23
what is ecolabelling what are its advantages,0,141,0%,2.65
co-culture examples,0,140,0%,5.81
carrying capacity of earth,0,140,0%,14.54
aviation biofuel market,0,140,0%,80.42
what is the purpose of irrigation,0,138,0%,5
farm drainage installation,0,138,0%,61.73
types of agribusiness,0,136,0%,62.26
extensive agriculture definition,0,135,0%,19.5
corporation definition us history,0,133,0%,6.11
intensive farming system,0,133,0%,7.11
cons of biofuels,0,133,0%,18.56
viofuel energy advantages,0,133,0%,70.23
what are some benefits of industrial agriculture,0,132,0%,10.2
disadvantages of biofuels,0,132,0%,73.66
everything i want to do is illegal book,0,131,0%,7.86
what is difference between agriculture and farming,0,131,0%,8.98
agriculture and agricultural difference,0,131,0%,11.37
types of biofuel,0,131,0%,18.5
define agribusiness,0,131,0%,51.18
intensive rearing,0,130,0%,9.15
difference between intensive and extensive,0,130,0%,10.72
define drainage in agriculture,0,128,0%,2.98
define aquaculture,0,128,0%,58.27
is dairy farming extensive or intensive,0,126,0%,1.35
"what are the environmental concerns and benefits associated with corn-based 
ethanol?",0,126,0%,1.79
importance of drainage in agriculture,0,126,0%,3.5
present a comparative picture of large scale and small scale agriculture,0,126,0%,4.92
farm drainage,0,126,0%,9.16
what is environmental management,0,126,0%,84.24
mixed crop and livestock farming intensive or extensive,0,124,0%,1.06
disadvantages of ethanol,0,124,0%,6.49
pros and cons of burning ethanol,0,123,0%,6.02
agribusiness definition,0,123,0%,65.76
soil sealing meaning,0,122,0%,10.56
poaceae grass family,0,122,0%,12.42
eutrophication,0,122,0%,13.52
co culture,0,122,0%,17.52
biofuels advantages,0,122,0%,49.3
what is ethanol,0,121,0%,9.94
is ethanol a biofuel,0,121,0%,27.81
sexual propagation in plants,0,120,0%,9.62
father of agribusiness management,0,120,0%,9.82
is ethanol a fossil fuel,0,119,0%,4.67
integrated pest management ipm,0,119,0%,63.99
intercropping example,0,118,0%,5.05
vantagens e desvantagens do agronegócio,0,118,0%,6.78
extensive farming definition,0,118,0%,20.72
esg label,0,117,0%,3.53
environmental labels,0,117,0%,69.09
advantages of agribusiness,0,116,0%,2.03
electric vehicle challenges,0,115,0%,34.96
a population at carrying capacity: * keeps growing stabilizes drops to zero,0,114,0%,5.94
"""pros of biodiesel"" vs ethanol",0,112,0%,1.93
biofuel investment,0,112,0%,5.46
biofuels cons,0,112,0%,5.85
what are some biofuels,0,112,0%,67.5
what is eco labelling what are its advantages class 12,0,111,0%,2.06
what are advantages of intercropping,0,111,0%,5.14
polycropping,0,111,0%,11.06
biofuels aviation,0,111,0%,72.53
cons of ethanol,0,110,0%,9.29
eco-labeling,0,110,0%,31.65
intensive farming meaning,0,109,0%,17.49
principal-agent problem,0,108,0%,58.97
eco-labels to look for in electronics purchasing,0,107,0%,2.64
carrying capacity of earth for humans,0,107,0%,3.92
advanced biofuels usa top 5 greenest airlines in the usa,0,107,0%,6.2
what is extensive farming and intensive farming,0,107,0%,7.21
why is ethanol described as a biofuel,0,107,0%,79.25
do humans have a carrying capacity,0,106,0%,3.8
advantages and disadvantages of afforestation,0,106,0%,6.16
5 importance of drainage in agriculture,0,105,0%,3.5
what is the human carrying capacity,0,105,0%,7.13
advantages of ethanol,0,105,0%,7.68
weak sustainability,0,105,0%,10.82
techno-science,0,105,0%,18.27
carrying capacity of ecosystem,0,104,0%,15.77
definition of extensive farming,0,104,0%,21.21
advantages of aquaculture,0,104,0%,26.72
is ethanol renewable,0,104,0%,37.93
irrigation meaning in agriculture,0,103,0%,7.4
what is eco-labelling? what are its advantages?,0,102,0%,3.03
differences between intensive and extensive farming,0,102,0%,6.31
examples of extensive farming,0,102,0%,18.24
buffer zone,0,102,0%,56.31
what is poaceae,0,101,0%,3.56
ethanol disadvantages,0,101,0%,3.7
irrigation definition agriculture,0,101,0%,8.17
carrying capacity of humans on earth,0,100,0%,2
physical plant issues,0,100,0%,3.31
difference between agro and agri,0,100,0%,4.5
grasses family,0,100,0%,4.57
advantages of cafos,0,100,0%,4.86
benefits of industrial agriculture,0,100,0%,11.03
intensive rearing of livestock,0,99,0%,7.18
what is the difference between extensive and intensive agriculture,0,99,0%,11.18
define intercropping,0,99,0%,17.36
top biofuel companies,0,99,0%,27.74
what are smart cities,0,99,0%,82.43
human carrying capacity of earth,0,98,0%,3.05
carrying capacity ecosystem,0,98,0%,4.87
cons of intercropping,0,98,0%,5.35
co-cultural,0,98,0%,6.68
space reflectors,0,97,0%,6.4
is mixed crop and livestock intensive or extensive,0,96,0%,8.45
saf fuel stocks,0,96,0%,12.79
example of extensive farming,0,96,0%,19.42
agriculture irrigation,0,96,0%,84.22
invest in biofuel,0,95,0%,2.66
difference between intercropping and mixed cropping,0,95,0%,3.66
ventajas de la agroindustria,0,95,0%,3.84
technoscience meaning,0,95,0%,4.4
extensive farming examples,0,95,0%,22.99
are biofuels expensive,0,95,0%,77.39
intensive system of livestock management,0,94,0%,4.96
disadvantages of hybrid seeds,0,94,0%,6.3
agribusiness vs commercial agriculture,0,94,0%,6.57
extensive and intensive agriculture,0,94,0%,7.07
drainage system in agriculture,0,93,0%,1.4
poaceae grass,0,93,0%,3.09
types of institution,0,93,0%,80.9
cellulosic biofuel companies,0,92,0%,1.84
agriculture and agribusiness,0,92,0%,4.88
why is hybrid seed so expensive to produce,0,92,0%,5.24
diferencia entre agricultura intensiva y extensiva,0,91,0%,11.23
disadvantages of intercropping class 9,0,89,0%,2.58
earth carrying capacity humans,0,89,0%,3.18
what is intensive and extensive farming,0,89,0%,8.97
why is irrigation important,0,89,0%,79.72
differentiate between intensive and extensive agriculture,0,88,0%,7.1
extensive agriculture examples,0,88,0%,7.99
invest in biofuel companies,0,87,0%,2.29
disadvantages of urban farming,0,87,0%,3.23
10 disadvantages of agriculture,0,87,0%,7.17
benefits of biofuels,0,87,0%,19.83
examples of biofuels in the environment,0,86,0%,1
is mixed crop and livestock farming intensive or extensive,0,86,0%,1.8
ethanol biofuel pros and cons,0,86,0%,9.71
carrying capacity for humans,0,86,0%,12.86
benefits of factory farming,0,86,0%,14.88
what is a food desert,0,86,0%,21.07
aviation biofuel,0,86,0%,86
what are the advantages of intercropping and crop production,0,85,0%,1.31
what is eco labelling,0,85,0%,3.34
principles of intercropping,0,84,0%,1.68
disadvantages of multiple cropping,0,84,0%,5.52
chăn nuôi quảng canh là gì,0,84,0%,9.08
benefits of ethanol,0,84,0%,13.67
agricultural irrigation system,0,84,0%,89.6
"what is agribusiness, and how does it differ from traditional farming?",0,83,0%,1.9
co cultural groups,0,83,0%,4.99
what is the difference between extensive and intensive farming,0,83,0%,7.36
differentiate between extensive and intensive farming,0,82,0%,4.32
examples of intercropping,0,82,0%,4.37
co cultural,0,82,0%,5.21
what are the pros and cons of producing and burning ethanol?,0,82,0%,8.05
कुलीनतंत्र क्या है,0,82,0%,9.46
system of rearing livestock using intensive methods,0,82,0%,10.9
carrying capacity of humans,0,82,0%,14.32
alternative energy vehicles,0,82,0%,87.68
agro and agri difference,0,80,0%,4.05
difference between intensive agriculture and extensive agriculture,0,80,0%,7.15
"the sum-total of all operations involved in the production and distribution 
of food and fiber.",0,80,0%,8.5
cluster meaning in business,0,80,0%,8.93
what are co-cultures,0,80,0%,10.93
what is a co culture,0,79,0%,8.73
advantage of agriculture,0,79,0%,10.8
biofuel examples,0,79,0%,21.94
integrated pest management (ipm),0,78,0%,6.4
examples of intensive farming,0,78,0%,35.85
entomopathogenic virus,0,77,0%,2.86
intensive production,0,77,0%,6.09
ipm,0,77,0%,7.14
grasses poaceae,0,77,0%,12.55
eco labelling and its advantages,0,76,0%,3.62
gpi vs gdp,0,76,0%,34.08
saf producers,0,76,0%,47.8
3 examples of biofuels,0,76,0%,85.76
row intercropping examples,0,75,0%,2.19
intercropping types,0,75,0%,2.25
"how does ethanol blend with gasoline and what are its benefits and 
limitations?",0,75,0%,6.08
corporation definition economics,0,75,0%,18.51
intensive farming definition,0,75,0%,26.67
irrigation for farms,0,75,0%,45.36
agribusinesses,0,75,0%,53.65
genuine progress indicator,0,75,0%,58.56
buffer zones,0,75,0%,77.17
grass family crop,0,74,0%,2.5
poaceae meaning,0,74,0%,3.47
advantages of surface drainage,0,74,0%,4.18
agriculture pros and cons,0,74,0%,5.49
examples of co-cultures,0,74,0%,6.46
advantages and disadvantages of factory farming,0,74,0%,9.78
multi cropping,0,74,0%,10.69
extensive farming example,0,74,0%,21.41
the green revolution,0,74,0%,74.57
advantages and disadvantages of farming system,0,73,0%,6.27
hybrid seeds disadvantages,0,73,0%,6.41
benefits of fire,0,73,0%,12.48
advantage of factory farming,0,73,0%,22.95
agricultural extension service,0,73,0%,51.47
value chains,0,73,0%,81.15
esg labels,0,72,0%,3.62
what are the pros and cons of burning ethanol,0,72,0%,7.94
advantages and disadvantages of agricultural finance,0,72,0%,22.86
cellulosic ethanol,0,72,0%,45.71
intercropping vs mixed cropping,0,71,0%,1.24
intercropping pattern,0,71,0%,1.54
what is the purpose of irrigation?,0,71,0%,2.94
industrialization of food,0,71,0%,5.39
polygenic resistance,0,71,0%,5.7
are grains grasses,0,71,0%,6.87
what is co-culture,0,71,0%,8.39
hybrid seed,0,71,0%,9.94
poly cropping,0,71,0%,9.94
पोएसी कुल का आर्थिक महत्व,0,71,0%,12.1
ethical pros and cons of biofuels,0,71,0%,72.37
economic pros and cons of biofuels,0,71,0%,76.21
crop cuality,0,70,0%,3.34
drainage system agriculture,0,70,0%,5.79
differentiate between intensive farming and extensive farming,0,70,0%,6.99
livestock ranching intensive or extensive,0,70,0%,7.49
sustainable aviation fuel companies stock,0,70,0%,7.96
what are some ways humans might negatively affect ecosystems?,0,70,0%,9.54
what is an agribusiness,0,70,0%,51.06
co culture definition in communication,0,69,0%,3.83
extensive production system,0,69,0%,3.99
farming disadvantages,0,69,0%,11.86
extensive cultivation,0,69,0%,20.22
poaceae plants,0,69,0%,31.1
sustainable aviation fuel companies,0,69,0%,41.41
ocean fertilization pros and cons,0,68,0%,8.56
natural pesticides and fertilizers in agriculture 1939,0,68,0%,8.93
intensive agriculture meaning,0,68,0%,24.46
grass family,0,68,0%,48.16
companion cropping,0,68,0%,52.24
us agricultural policy,0,68,0%,68.93
system of rearing livestock using highly intensive methods,0,67,0%,1
disadvantages of mixed cropping,0,67,0%,4.25
a system of rearing livestock using intensive methods,0,67,0%,7.88
intensive and extensive cultivation,0,67,0%,9.18
how do humans impact ecosystems,0,67,0%,15.79
food deserts meaning,0,67,0%,18.55
what is intensive animal farming,0,67,0%,31.91
what is intensive farming,0,67,0%,60.28
sustainability labels,0,67,0%,72.78
tolerant vegetation meaning,0,66,0%,1.17
poaceae family crops,0,66,0%,1.65
drainage meaning in agriculture,0,66,0%,3.64
food industrialization,0,66,0%,6.39
what is a co-culture,0,66,0%,10.42
co-culture definition,0,66,0%,11.32
weak sustainability vs strong sustainability,0,66,0%,12.29
examples of intensive agriculture,0,66,0%,28.44
largest biofuel companies,0,66,0%,34.09
cellulosic biomass,0,66,0%,36
what is intercropping,0,66,0%,44.02
meaning of irrigation in agriculture,0,65,0%,8.43
strong sustainability vs weak sustainability,0,65,0%,10.12
what is social exclusion,0,65,0%,60.86
is there a human carrying capacity on earth?,0,64,0%,1.19
crop drainage system,0,64,0%,1.78
"using complete sentences, explain several initiatives small farmers can 
take to compete with large-scale agriculture.",0,64,0%,7.77
what is the difference between agriculture and industry,0,64,0%,8.55
ethanol fuel pros and cons,0,64,0%,9.88
meaning of intensive farming,0,64,0%,21.97
advantages of agriculture,0,64,0%,30.27
carrying capacity in an ecosystem,0,63,0%,3.35
co-culture in communication,0,63,0%,4.4
difference between agribusiness and agriculture,0,63,0%,4.79
eco labels examples,0,63,0%,10.87
advantages of industrial agriculture,0,63,0%,12.4
factory farming pros and cons,0,63,0%,17.1
biofuel pros and cons,0,63,0%,18.86
advantages of biofuels compared to fossil fuels,0,63,0%,65.78
is there human carrying capacity on earth,0,62,0%,1.6
intensive livestock,0,62,0%,5.97
human impacts on ecosystems,0,62,0%,41.63
eco label certification,0,62,0%,51.31
fuel-ethanol market,0,62,0%,77.44
intercropping symbol,0,61,0%,1.1
poaceae crops,0,61,0%,3.33
what is co culture in communication examples,0,61,0%,3.87
earth human carrying capacity,0,61,0%,5.48
agri and agro difference,0,61,0%,6.93
disadvantages of farming,0,61,0%,22.74
biofuels trading,0,61,0%,60.62
hydrological,0,61,0%,67.85
plant resistance definition,0,60,0%,4.1
what is carrying capacity in ecology,0,60,0%,6.92
what is the difference between intensive and extensive,0,60,0%,7.55
co culture definition,0,60,0%,11.28
biofuel investment opportunities,0,60,0%,17.92
community supported agriculture definition,0,60,0%,45.4
life cycle assessment stages,0,60,0%,84.92
what has industrialization done to food processing?,0,59,0%,3.34
oligogenic resistance,0,59,0%,5.34
where to find advanced biofuels suppliers at scale?,0,59,0%,7.64
strong sustainability and weak sustainability,0,59,0%,8.36
weak strong sustainability,0,59,0%,10.17
explain the drawbacks of agriculture market,0,59,0%,13.78
define extensive farming,0,59,0%,21.9
advantages of irrigation in agriculture,0,59,0%,23
human impact on ecosystems,0,59,0%,43.78
aquaculture benefits,0,59,0%,75.02
drainage methods in agriculture,0,58,0%,1
list 10 importance of drainage in agriculture,0,58,0%,3.57
best saf,0,58,0%,5.12
distinguish between intensive and extensive agriculture,0,58,0%,5.43
what defines a food desert,0,58,0%,12.41
what is extensive agriculture,0,58,0%,13.93
sistem agribisnis adalah,0,58,0%,42.64
agriculture extension,0,58,0%,50.03
can our electric grid support electric cars,0,58,0%,71.21
biofuel trading,0,58,0%,75.05
smart cities definition,0,58,0%,84.67
poaceae family,0,57,0%,2.14
intercropping vs companion planting,0,57,0%,5.26
what are pros and cons of producing and burning ethanol,0,57,0%,6.54
difference between extensive farming and intensive farming,0,57,0%,7.67
father of agribusiness,0,57,0%,8.39
kulin tantra kya hai,0,57,0%,10.98
carrying capacity humans,0,57,0%,14.6
what are institutions,0,57,0%,60.47
multicrop,0,57,0%,69.84
aviation biofuel market trends,0,57,0%,75.32
intensive system of rearing livestock,0,56,0%,4.96
farming and agriculture difference,0,56,0%,5.86
co-cultures examples,0,56,0%,7.16
business cluster meaning,0,56,0%,7.32
why is living in a food desert a problem for people without a car?,0,56,0%,7.39
challenges of urban agriculture,0,56,0%,12.41
goals of plant breeding,0,56,0%,12.45
polyculture,0,56,0%,41.7
leading electric vehicle brands sustainable initiatives 2025,0,55,0%,2
what are the advantages of inter-cropping class 9,0,55,0%,2.56
intensive and extensive agriculture difference,0,55,0%,8.27
farm z,0,55,0%,8.75
biodiesel investment,0,55,0%,9.65
ranching intensive or extensive,0,54,0%,1.04
ethanol,0,54,0%,1.19
electric vehicle adoption challenges and opportunities,0,54,0%,8.11
ecolabelling definition,0,54,0%,9.61
बहुविध फसल प्रणाली और खेती की आधुनिक विधियों में क्या अंतर है,0,54,0%,10.59
what are the advantages and disadvantages of hybrid plants?,0,54,0%,11.44
what is irrigation in agriculture,0,54,0%,52.3
cellulosic ethanol market,0,54,0%,71.07
urban planning sustainability,0,54,0%,87.54
"explain why it is difficult to calculate the earth's carrying capacity for 
the human population. (site 1)",0,53,0%,1.04
co cultural communication,0,53,0%,2.64
is ranching intensive or extensive,0,53,0%,2.66
drainage system (agriculture),0,53,0%,4.28
ventajas y desventajas de la agroindustria,0,53,0%,4.81
ethanol advantages,0,53,0%,9.04
pros and cons of biofuel,0,53,0%,14.74
definition of intensive farming,0,53,0%,27.94
agricultural irrigation systems,0,53,0%,70.75
can the power grid support electric cars,0,53,0%,75.85
agribusiness developed as a result of?,0,52,0%,1
have humans reached carrying capacity,0,52,0%,3.33
what is the carrying capacity of earth for humans,0,52,0%,5.12
zero farming,0,52,0%,5.81
quảng canh trong nông nghiệp là gì,0,52,0%,6.4
what is extensive and intensive farming,0,52,0%,7.27
"which type of fuel would require the least amount of farmland? a biodiesel 
b cellulosic ethanol c ethanol d algae-based fuel",0,52,0%,7.38
everything i wanna do is illegal,0,52,0%,9.06
desvantagens do agronegócio,0,52,0%,9.42
co-culture meaning,0,52,0%,10.42
extensive agriculture meaning,0,52,0%,11.35
advantages and disadvantages of farming,0,52,0%,11.48
social exclusion kya hota hai,0,52,0%,12.94
eco-label,0,52,0%,43.06
what is intensive agriculture,0,52,0%,56.15
polyculture farms,0,52,0%,59.92
biofuel provider,0,52,0%,60.37
tolerance in biology,0,52,0%,83.63
what is the carrying capacity for humans?,0,51,0%,1
what is the advantages of intercropping,0,51,0%,2.53
gramineae family crops,0,51,0%,3.14
diferencia entre tolerancia y resistencia,0,51,0%,7.08
hydrology definition,0,51,0%,51.78
what is irrigation agriculture,0,51,0%,61.98
example of agribusiness,0,51,0%,65.24
what is the carrying capacity of humans on earth,0,50,0%,4.46
"which cleaning brands are certified under trusted eco‑labels or 
certifications?",0,50,0%,7.74
ethanol fuel advantages and disadvantages,0,50,0%,8.12
earth's human carrying capacity,0,50,0%,8.74
history of organic farming,0,50,0%,21.68
human activities that affect the ecosystem,0,50,0%,40.06
intensive farming examples,0,50,0%,40.24
multiple cropping,0,50,0%,65.18
semi intensive system in cattle,0,49,0%,1
intensive management system,0,49,0%,4.69
intensive and extensive farming examples,0,49,0%,8.35
advantages of drainage,0,49,0%,8.94
kulin tantra kise kahate hain,0,49,0%,10.92
shear tolerant crops sustainable agriculture 2025,0,49,0%,19.53
corporate agribusiness,0,49,0%,19.84
earth carrying capacity,0,49,0%,21.53
benefits of irrigation in agriculture,0,49,0%,31.29
environmental management definition,0,49,0%,54.33
define social exclusion,0,49,0%,70.27
is biodiesel renewable,0,49,0%,80.59
drainage definition in agriculture,0,48,0%,2.4
cry of the kalahari book,0,48,0%,9.58
what are the advantages and disadvantages of hybrid plants,0,48,0%,11.12
ecolabel products,0,48,0%,46.62
tolerance definition biology,0,48,0%,47.48
hybrid seeds market,0,48,0%,72.85
is mixed crop livestock intensive or extensive,0,47,0%,1
differentiate between intercropping and mixed cropping,0,47,0%,3.15
drainage agriculture,0,47,0%,3.15
ethanol fuel disadvantages,0,47,0%,3.64
deserts meaning in food,0,47,0%,4
pertanian intensif dan ekstensif,0,47,0%,6
what is intensive and extensive agriculture,0,47,0%,7.51
what are the advantages of biofuels,0,47,0%,8.87
next big thing electric mobility brands influencers 2025,0,47,0%,9.57
agribusiness definition geography,0,47,0%,10.74
"who was responsible for the agricultural policies of the united states 
during world war i?",0,47,0%,10.94
the most important purpose of irrigation was to,0,47,0%,13.19
grass family poaceae,0,47,0%,19.79
polyculture farming,0,47,0%,28.98
challenges of electric vehicles,0,47,0%,33.17
benefits of urban agriculture,0,47,0%,51.87
what is hydrology,0,47,0%,64.23
the principal agent problem,0,47,0%,66.02
us ethanol market,0,47,0%,84.04
differentiate between mixed cropping and intercropping,0,46,0%,1
vertical resistance in plants,0,46,0%,2.04
list 10 importance of drainage,0,46,0%,2.37
what are the benefits of intercropping,0,46,0%,2.48
what are grasses a good source for,0,46,0%,2.76
what’s the cost comparison between regenerative and conventional options?,0,46,0%,4.74
"what consumer pain points in ev ownership (charging friction, service 
access, battery degradation) indicate the biggest business opportunities 
for investors?",0,46,0%,6.63
jal nikas ke labh,0,46,0%,7
host evasion in entomology,0,46,0%,7.74
what is intensive farming and extensive farming,0,46,0%,7.78
5 disadvantages of agriculture,0,46,0%,8.76
biofuels,0,46,0%,10.52
what is human carrying capacity,0,46,0%,13.98
extension services,0,46,0%,49.26
advanced biodiesel,0,46,0%,61.83
are there biofuel trading opportunities,0,45,0%,2.6
"what’s a good energy company investing in saf for sustainable aviation, and 
should i consider their stock?",0,45,0%,2.71
desventajas de la agroindustria,0,45,0%,3.18
irrigation purposes,0,45,0%,6.07
importance of annual crops,0,45,0%,6.27
benefits of drainage,0,45,0%,6.64
quais são os impactos positivos e negativos do agronegócio,0,45,0%,7.62
weak sustainability examples,0,45,0%,9.22
disadvantages of farming system,0,45,0%,9.49
what is considered a farm,0,45,0%,9.8
biofuels trends,0,45,0%,26.69
agricultural extension services,0,45,0%,38.67
history of organic gardening,0,45,0%,39.76
what do all biofuels have in common,0,45,0%,88.84
what is carrying capacity in human geography,0,44,0%,1
what is carrying capacity what is the carrying capacity for humans,0,44,0%,1
types of intercropping system,0,44,0%,1.52
intensive breeding meaning,0,44,0%,1.86
what is the main purpose of irrigation,0,44,0%,3.66
is dairy intensive or extensive,0,44,0%,5.32
describe 5 ways that humans have disrupted ecosystem services on earth,0,44,0%,5.41
extensive and intensive farming difference,0,44,0%,6.36
agricultural and agriculture difference,0,44,0%,7.82
antar fasal pranali ko samjhaie,0,44,0%,8.55
example of co culture,0,44,0%,8.59
ethanol benefits,0,44,0%,10.09
disadvantage of afforestation,0,44,0%,10.39
que son las corporaciones,0,44,0%,10.5
earth's carrying capacity for humans,0,44,0%,11.18
factory farming pros,0,44,0%,11.43
advantages of cellulosic ethanol,0,44,0%,17.77
definition of intensive agriculture,0,44,0%,29.05
buffer zone meaning,0,44,0%,63.77
are biofuels clean energy,0,44,0%,67.34
buffer strips,0,44,0%,68.34
delia owens,0,43,0%,1
difference between mixed cropping and intercropping,0,43,0%,1
5 characteristics of oligarchy,0,43,0%,1.05
is cattle ranching intensive or extensive,0,43,0%,4.19
joel salatin everything i want to do is illegal,0,43,0%,7.63
examples of extensive agriculture,0,43,0%,8.33
explain the difference between intensive and extensive farming,0,43,0%,9.67
what are the disadvantages of agriculture,0,43,0%,10.28
ag drainage,0,43,0%,10.49
are all grains grass,0,43,0%,10.93
what's the difference between agriculture and farming,0,43,0%,12.14
resistance in plants,0,43,0%,14.14
eco labeling,0,43,0%,29.88
eu ecolabel,0,43,0%,68.72
can the electric grid support electric cars,0,43,0%,72.37
how have humans impacted the carrying capacity in different ecosystems,0,42,0%,1
vertical resistance and horizontal resistance,0,42,0%,3.71
regenerative agriculture labor hours per acre cost per acre study,0,42,0%,4.21
resistance definition in plant pathology,0,42,0%,6.36
define polyculture,0,42,0%,8.86
us carrying capacity,0,42,0%,9.38
concept of plant disease,0,42,0%,11.38
cellulose biofuel,0,42,0%,12.71
ocean alkalinity enhancement,0,42,0%,70.9
arguments against biofuels,0,42,0%,87
what is eco labelling what are its advantages class 12 evs project,0,41,0%,1.17
co culture definition communication,0,41,0%,1.59
extensive system meaning,0,41,0%,5.46
4 generations of biofuels,0,41,0%,7.32
5 advantages of agriculture,0,41,0%,8.15
biofuel,0,41,0%,8.2
cultural carrying capacity,0,41,0%,10.2
strip cropping advantages and disadvantages,0,41,0%,11.12
what is a coculture,0,41,0%,11.51
agriculture extensive,0,41,0%,22.61
cafos pros and cons,0,41,0%,22.68
characteristics of intensive farming,0,41,0%,25.22
sustainable aviation fuel producers,0,41,0%,33.71
advanced biofuels market trends,0,41,0%,36.29
use of biofuels in aviation,0,41,0%,64.63
ethanol market trends,0,41,0%,78
energy companies investing in saf sustainable aviation 2025,0,40,0%,1.4
what is cellulosic biofuel,0,40,0%,7.1
individuo de una oligarquía,0,40,0%,7.88
intensive animal husbandry,0,40,0%,8.3
agriculture intensive vs extensive,0,40,0%,8.62
carrying capacity for humans on earth,0,40,0%,8.68
cafo pros and cons,0,40,0%,16.9
hydrological definition,0,40,0%,50.8
industrial farming,0,40,0%,82.55
soil seal,0,39,0%,2.21
introduction of ipm,0,39,0%,3.33
"what’s a good energy company with a focus on biofuel refining, and should i 
consider their stock?",0,39,0%,4.87
weak and strong sustainability examples,0,39,0%,5
"sistem tanam tumpang sari (intercropping) adalah teknik menanam... satu 
jenis tanaman dalam satu lahan berbagai jenis tanaman secara bersamaan di 
lahan yang sama tanaman di dalam air tanaman secara vertikal tanaman dalam 
pot kecil",0,39,0%,8.38
all i want to do is illegal,0,39,0%,8.49
afforestation advantages,0,39,0%,13.74
define co culture,0,39,0%,15.18
what are advanced biofuels,0,39,0%,15.56
example of intensive agriculture,0,39,0%,31.95
ways humans impact the environment,0,39,0%,42.18
biodiesel vs renewable diesel,0,39,0%,60.13
buy ecolabel,0,39,0%,74.33
is ethanol a biomass fuel,0,39,0%,76
ethanol vehicle market,0,39,0%,92.46
describe the impact of carrying capacity on ecosystems,0,38,0%,1
nature and concept of disease in plant,0,38,0%,1
surface drainage in agriculture,0,38,0%,3.11
family of grasses,0,38,0%,3.97
intensive system meaning,0,38,0%,4.18
semi intensive system of livestock management,0,38,0%,4.42
advantages and disadvantages of cropping system,0,38,0%,6.66
सिंचाई के कोई चार उद्देश्य लिखिए,0,38,0%,7.63
are all grains grasses,0,38,0%,7.92
irrigation purposes meaning,0,38,0%,8.39
shifting cultivation intensive or extensive,0,38,0%,9.47
sostenibilidad fuerte,0,38,0%,9.92
eco label examples,0,38,0%,10.24
humans carrying capacity,0,38,0%,10.26
advantages and disadvantages of commercial farming,0,38,0%,10.66
benefits of forest fires,0,38,0%,21.16
ethanol vs biofuel,0,38,0%,30.37
future uses of biofuels,0,38,0%,39.34
can electric grid support electric cars,0,38,0%,71.53
agribusiness industry,0,38,0%,87.76
cooperative examples,0,38,0%,90.92
carrying capacity can be changed by nature or humans,0,37,0%,1
how is intercropping different from mixed cropping,0,37,0%,1
high carrying capacity,0,37,0%,5.11
advantages of continuous cropping,0,37,0%,5.51
what is eco labeling,0,37,0%,8.11
pros and cons of industrial agriculture,0,37,0%,8.97
pros of industrial agriculture,0,37,0%,9.22
extensive system of livestock management,0,37,0%,9.38
ways that humans impact the environment,0,37,0%,45.62
effects of human activities on ecosystem,0,37,0%,65.65
what is the green revolution,0,37,0%,75.97
stratospheric aerosols,0,37,0%,78.11
benefits and drawbacks of biofuels,0,37,0%,78.86
what will occur when the carrying capacity for a population is met,0,36,0%,1.33
what is eco labelling and what are its advantages,0,36,0%,3.64
carrying capacity human geography,0,36,0%,4.06
top sustainable evs minimalist design 2025,0,36,0%,4.97
disadvantages of cellulosic ethanol,0,36,0%,5.44
difference between agriculture and industry,0,36,0%,8.61
ivycliffland.com farming principals,0,36,0%,9.17
multi crop,0,36,0%,12.81
intensive cattle farming,0,36,0%,17.58
plant breeding and propagation,0,36,0%,38.81
social exclusion definition,0,36,0%,59.81
examples of institutions,0,36,0%,67.47
uses of ethanol in industry,0,36,0%,82.81
why biofuels,0,36,0%,83.94
has the human population reached carrying capacity,0,35,0%,1
surface drainage system in agriculture,0,35,0%,1
what is ethanol energy,0,35,0%,1.34
advantage of inter cropping,0,35,0%,3.86
is dairying intensive or extensive,0,35,0%,4.31
distinguish between intensive farming and extensive farming,0,35,0%,6.69
different between extensive and intensive,0,35,0%,6.89
semi extensive system,0,35,0%,7.57
what is the difference between intensive farming and extensive farming,0,35,0%,8.03
biofuel etf,0,35,0%,10.23
una diferencia entre la agricultura intensiva y la extensiva,0,35,0%,11.26
agriculture vs agricultural,0,35,0%,19.31
what are hybrid seeds,0,35,0%,28.31