type,title,keywords,cluster_cta_set,cluster_proposed,cluster_reasoning,matrix_pillar_proposed,stack_badge_current,framework_link_count,has_bottom_framework_block,mid_cta_current,mid_cta_proposed_D015,end_cta_current,has_stack_connection_section,spiking_2026_07,notes,slug,url,title_length,description_length,word_count_body
pillar,The Complete Guide to Biofuels for Farms,biofuels | advanced biofuels | cellulosic biofuels | biofuel sustainability | farm energy | aviation fuel | SAF | agricultural operations | circularity | renewable energy,biofuels,(pillar),"pillar hub — routes across cluster tools, not a single spoke CTA",,3,1,no,BaselineCTA,(pillar - decide separately),Compare the 4 Generations -> /tools/biofuel-feedstock-compare,no,,,biofuels-guide,https://ecosystemsunited.com/articles/biofuels-guide,40,97,1997
pillar,The Complete Guide to Ecolabels for Farms,ecolabels | ecolabel certification | farm certification | greenwashing | ESG labels | organic certification | sustainability labels | agricultural suppliers | competitive strategy,ecolabel,(pillar),"pillar hub — routes across cluster tools, not a single spoke CTA",vsme-guide,2,1,no,BaselineCTA,(pillar - decide separately),Find Your Ecolabel -> /tools/ecolabel-selector,no,,,ecolabel-guide,https://ecosystemsunited.com/articles/ecolabel-guide,41,117,1975
pillar,The Complete Guide to Water Management for Farms,water management | irrigation | agricultural drainage | water quality | precision irrigation | rainwater harvesting | drought resilience | subsurface drainage | farm water | efficiency,efficiency,(pillar),"pillar hub — routes across cluster tools, not a single spoke CTA",,2,1,no,BaselineCTA,(pillar - decide separately),Score your operation -> /tools/efficiency-assessment,no,,,water-management-guide,https://ecosystemsunited.com/articles/water-management-guide,48,101,2003
pillar,Understanding Agribusiness: How the System Works,agribusiness | agriculture | supply chain | small farms | agricultural system | sustainability | agribusiness technology | farm operations,none-fallback,(pillar),"pillar hub — routes across cluster tools, not a single spoke CTA",,1,1,no,BaselineCTA,(pillar - decide separately),Newsletter signup,no,,,agribusiness-guide,https://ecosystemsunited.com/articles/agribusiness-guide,48,92,1855
pillar,The Complete Guide to Intercropping for Farms,intercropping | multi-crop systems | resilience | agriculture | sustainability | cereal-legume | companion planting | polyculture | pest management | climate resilience,none-fallback,(pillar),"pillar hub — routes across cluster tools, not a single spoke CTA",,4,1,no,BaselineCTA,(pillar - decide separately),Newsletter signup,no,,,intercropping-guide,https://ecosystemsunited.com/articles/intercropping-guide,45,132,1780
pillar,The Complete Small Farm Strategy Guide,small farms | farm strategy | direct marketing | value-added products | cooperative models | financial planning | local food | food deserts | competitive advantage | agricultural SME,none-fallback,(pillar),"pillar hub — routes across cluster tools, not a single spoke CTA",,2,1,no,BaselineCTA,(pillar - decide separately),Newsletter signup,no,,,small-farm-guide,https://ecosystemsunited.com/articles/small-farm-guide,38,112,2182
pillar,The Complete Guide to Soil & Land Management for Farms,soil management | soil health | nutrient management | erosion control | land use planning | cover crops | tillage systems | soil testing | agricultural land | soil organic matter,none-fallback,(pillar),"pillar hub — routes across cluster tools, not a single spoke CTA",,1,1,no,BaselineCTA,(pillar - decide separately),Newsletter signup,no,,,soil-management-guide,https://ecosystemsunited.com/articles/soil-management-guide,54,114,2168
pillar,The Complete VSME Guide for Agricultural SMEs,VSME | CSRD | ESG | sustainability reporting | agricultural compliance | SME reporting | EFRAG | agriculture | sustainability,none-fallback,(pillar),"pillar hub — routes across cluster tools, not a single spoke CTA",,1,1,no,BaselineCTA,(pillar - decide separately),Newsletter signup,no,,,vsme-guide,https://ecosystemsunited.com/articles/vsme-guide,45,168,1758
pillar,The Circular Economy Guide for Farms: Turn Waste Into Revenue,circular economy | farm waste | nutrient cycling | water recycling | agricultural efficiency | waste to value | circular supply chain | biomass energy,product-rotation,(pillar),"pillar hub — routes across cluster tools, not a single spoke CTA",,3,1,no,BaselineCTA,(pillar - decide separately),Try the Response Generator (hash product CTA),no,,,circular-economy-guide,https://ecosystemsunited.com/articles/circular-economy-guide,61,162,1411
pillar,A Financial Framework for Regenerative Agriculture,regenerative agriculture | soil health | cover crops | carbon markets | agroforestry | biochar | composting | regenerative transition | ROI | farm economics,regenerative,(pillar),"pillar hub — routes across cluster tools, not a single spoke CTA",,5,1,no,BaselineCTA,(pillar - decide separately),Calculate Your Payback -> /tools/regenerative-roi,no,yes,,regenerative-guide,https://ecosystemsunited.com/articles/regenerative-guide,50,134,1860
pillar,The Complete Guide to Farm Resilience & Risk Management,farm resilience | risk management | climate adaptation | crop diversification | supply chain resilience | financial resilience | farm succession | market volatility | agriculture,resilience,(pillar),"pillar hub — routes across cluster tools, not a single spoke CTA",,4,1,no,BaselineCTA,(pillar - decide separately),Calculate your exposure -> /tools/resilience-exposure,no,,,resilience-guide,https://ecosystemsunited.com/articles/resilience-guide,55,82,1858
pillar,The Complete CSRD & ESG Guide for Agricultural Suppliers,CSRD | ESG | VSME | agricultural suppliers | sustainability reporting | buyer questionnaires | scope 3 | baseline data | compliance | competitive advantage,scope3-csrd,(pillar),"pillar hub — routes across cluster tools, not a single spoke CTA",vsme-guide,1,1,no,BaselineCTA,(pillar - decide separately),Check Your Readiness -> /tools/scope-3-readiness,no,,,csrd-esg-guide,https://ecosystemsunited.com/articles/csrd-esg-guide,56,136,1895
article,The Complete Agricultural Sustainability Assessment Checklist,CSRD | ESG | sustainability reporting | VSME | agricultural compliance | agricultural | sustainability | checklist | agriculture,none-fallback,baseline,A gap-analysis datapoint checklist to build measurement infrastructure — the tracker/baseline job (scope3 also defensible).,csrd-esg-guide,1,2,yes(heuristic),BaselineCTA,BaselineCTA (fallback - unmatched cluster),Newsletter signup,yes,,,agricultural-sustainability-checklist,https://ecosystemsunited.com/articles/agricultural-sustainability-checklist,61,191,1794
article,What Is a Life Cycle Assessment? Understanding LCA for Agricultural Operations,circular economy | resource efficiency | waste reduction | life cycle assessment | life | cycle | assessment | explained | agriculture | sustainability,none-fallback,baseline,LCA methodology explainer whose CTA is 'build your measurement foundation' — a baseline job.,circular-economy-guide,1,2,yes(heuristic),BaselineCTA,BaselineCTA (fallback - unmatched cluster),Newsletter signup,no,,,life-cycle-assessment-explained,https://ecosystemsunited.com/articles/life-cycle-assessment-explained,78,162,850
article,What Actually Gets Measured in Agricultural Sustainability,CSRD | ESG | sustainability reporting | VSME | agricultural compliance | gets | measured | agriculture | sustainability,none-fallback,baseline,'What am I supposed to measure' and 'ready to start tracking' is the measurement-baseline job.,csrd-esg-guide,1,1,no,BaselineCTA,BaselineCTA (fallback - unmatched cluster),Newsletter signup,no,,,what-gets-measured,https://ecosystemsunited.com/articles/what-gets-measured,58,140,876
article,The Complete Guide to Soil Testing for Farms | Ecosystems United,soil testing | nutrient management | erosion control | land management | soil | testing | guide | agriculture | sustainability,product-rotation,baseline,"Establishing soil data as an agronomic + ESG baseline is a measurement/getting-started job, not a single practice CTA.",soil-management-guide,1,2,yes(heuristic),BaselineCTA,BaselineCTA (fallback - unmatched cluster),Try the Response Generator (hash product CTA),no,,,soil-testing-guide,https://ecosystemsunited.com/articles/soil-testing-guide,64,165,1425
article,What Are Advanced Biofuels? The Next Generation of Renewable Energy,biofuels | renewable energy | biomass | sustainable fuel | advanced | agriculture | sustainability,biofuels,biofuels,already matched,biofuels-guide,3,2,yes(heuristic),BaselineCTA,MidCTA: feedstock job copy -> /tools/biofuel-feedstock-compare,Compare the 4 Generations -> /tools/biofuel-feedstock-compare,yes,,,advanced-biofuels,https://ecosystemsunited.com/articles/advanced-biofuels,67,156,627
article,Ranking Biofuel Sustainability: Comparing the 4 Generations,biofuels | renewable energy | biomass | sustainable fuel | biofuel | sustainability | ranking | agriculture,biofuels,biofuels,already matched,biofuels-guide,3,2,yes(heuristic),BaselineCTA,MidCTA: feedstock job copy -> /tools/biofuel-feedstock-compare,Compare the 4 Generations -> /tools/biofuel-feedstock-compare,no,,,biofuel-sustainability-ranking,https://ecosystemsunited.com/articles/biofuel-sustainability-ranking,59,138,544
article,7 Biofuel Trends Shaping the Industry in 2025,biofuels | renewable energy | biomass | sustainable fuel | biofuel | trends | 2025 | agriculture | sustainability,biofuels,biofuels,already matched,biofuels-guide,3,2,yes(heuristic),BaselineCTA,MidCTA: feedstock job copy -> /tools/biofuel-feedstock-compare,Compare the 4 Generations -> /tools/biofuel-feedstock-compare,no,,,biofuel-trends-2025,https://ecosystemsunited.com/articles/biofuel-trends-2025,45,148,657
article,Biofuels Explained: Converting Organic Materials into Energy Value,biofuels | renewable energy | biomass | sustainable fuel | explained | agriculture | sustainability,biofuels,biofuels,already matched,biofuels-guide,3,2,yes(heuristic),BaselineCTA,MidCTA: feedstock job copy -> /tools/biofuel-feedstock-compare,Compare the 4 Generations -> /tools/biofuel-feedstock-compare,yes,,,biofuels-explained,https://ecosystemsunited.com/articles/biofuels-explained,66,144,602
article,Biofuels in Aviation: How SAF Is Creating New Feedstock Demand,biofuels | renewable energy | biomass | sustainable fuel | aviation | agriculture | sustainability,biofuels,biofuels,already matched,biofuels-guide,3,2,yes(heuristic),BaselineCTA,MidCTA: feedstock job copy -> /tools/biofuel-feedstock-compare,Compare the 4 Generations -> /tools/biofuel-feedstock-compare,yes,,,biofuels-in-aviation,https://ecosystemsunited.com/articles/biofuels-in-aviation,62,139,690
article,Energy from Agricultural Biomass: Turning Residues into Power,circular economy | resource efficiency | waste reduction | life cycle assessment | biomass | energy | farm | agriculture | sustainability,biofuels,biofuels,already matched,circular-economy-guide,3,2,yes(heuristic),BaselineCTA,MidCTA: feedstock job copy -> /tools/biofuel-feedstock-compare,Compare the 4 Generations -> /tools/biofuel-feedstock-compare,no,,,biomass-energy-farm,https://ecosystemsunited.com/articles/biomass-energy-farm,61,175,1589
article,Cellulosic Biofuels: Turning Agricultural Waste into Energy Value,biofuels | renewable energy | biomass | sustainable fuel | cellulosic | agriculture | sustainability,biofuels,biofuels,already matched,biofuels-guide,3,2,yes(heuristic),BaselineCTA,MidCTA: feedstock job copy -> /tools/biofuel-feedstock-compare,Compare the 4 Generations -> /tools/biofuel-feedstock-compare,yes,,,cellulosic-biofuels,https://ecosystemsunited.com/articles/cellulosic-biofuels,65,160,651
article,Cellulosic Ethanol vs. Traditional Biofuels: Comparing the Options,biofuels | renewable energy | biomass | sustainable fuel | cellulosic | traditional | agriculture | sustainability,biofuels,biofuels,already matched,biofuels-guide,3,2,yes(heuristic),BaselineCTA,MidCTA: feedstock job copy -> /tools/biofuel-feedstock-compare,Compare the 4 Generations -> /tools/biofuel-feedstock-compare,no,,,cellulosic-vs-traditional-biofuels,https://ecosystemsunited.com/articles/cellulosic-vs-traditional-biofuels,66,156,656
article,The Pros and Cons of Advanced Biofuels: A Balanced Assessment,biofuels | renewable energy | biomass | sustainable fuel | pros | cons | advanced | agriculture | sustainability,biofuels,biofuels,already matched,biofuels-guide,3,1,no,BaselineCTA,MidCTA: feedstock job copy -> /tools/biofuel-feedstock-compare,Compare the 4 Generations -> /tools/biofuel-feedstock-compare,yes,yes,,pros-and-cons-of-advanced-biofuels,https://ecosystemsunited.com/articles/pros-and-cons-of-advanced-biofuels,61,154,692
article,Ranking the Sustainability of Biofuels: Comparing the 4 Generations,biofuels | renewable energy | biomass | sustainable fuel | ranking | biofuel | agriculture | sustainability,biofuels,biofuels,already matched,biofuels-guide,3,2,yes(heuristic),BaselineCTA,MidCTA: feedstock job copy -> /tools/biofuel-feedstock-compare,Compare the 4 Generations -> /tools/biofuel-feedstock-compare,no,,,ranking-biofuel-sustainability,https://ecosystemsunited.com/articles/ranking-biofuel-sustainability,67,138,602
article,Selling Crop Residues as Biofuel Feedstock: Farm-Gate Economics,biofuels | renewable energy | biomass | crop residues | straw | stover | feedstock | farm economics | agriculture | sustainability,biofuels,biofuels,already matched,,3,1,no,BaselineCTA,MidCTA: feedstock job copy -> /tools/biofuel-feedstock-compare,Compare the 4 Generations -> /tools/biofuel-feedstock-compare,no,,,selling-crop-residues-biofuel-feedstock,https://ecosystemsunited.com/articles/selling-crop-residues-biofuel-feedstock,63,193,1214
article,The Advantages and Disadvantages of Ecolabels for Your Business,ecolabels | certification | sustainability standards | greenwashing | advantages | disadvantages | agriculture | sustainability,ecolabel,ecolabel,already matched,ecolabel-guide,1,2,yes(heuristic),BaselineCTA,MidCTA: label-fit job copy -> /tools/ecolabel-selector,Find Your Ecolabel -> /tools/ecolabel-selector,yes,,,advantages-and-disadvantages-of-ecolabels,https://ecosystemsunited.com/articles/advantages-and-disadvantages-of-ecolabels,63,152,635
article,Challenges to Ecolabels: The Devil's Triangle of Certification,ecolabels | certification | sustainability standards | greenwashing | challenges | agriculture | sustainability,ecolabel,ecolabel,already matched,ecolabel-guide,1,2,yes(heuristic),BaselineCTA,MidCTA: label-fit job copy -> /tools/ecolabel-selector,Find Your Ecolabel -> /tools/ecolabel-selector,no,,,challenges-to-ecolabels,https://ecosystemsunited.com/articles/challenges-to-ecolabels,62,144,648
article,The Disadvantages of Ecolabels: What to Know Before Certifying,ecolabels | certification | sustainability standards | greenwashing | disadvantages | agriculture | sustainability,ecolabel,ecolabel,already matched,ecolabel-guide,1,2,yes(heuristic),BaselineCTA,MidCTA: label-fit job copy -> /tools/ecolabel-selector,Find Your Ecolabel -> /tools/ecolabel-selector,no,,,disadvantages-of-ecolabels,https://ecosystemsunited.com/articles/disadvantages-of-ecolabels,62,163,620
article,Drivers of Ecolabel Adoption: What Makes Certification Schemes Succeed,ecolabels | certification | sustainability standards | greenwashing | drivers | ecolabel | adoption | agriculture | sustainability,ecolabel,ecolabel,already matched,ecolabel-guide,1,2,yes(heuristic),BaselineCTA,MidCTA: label-fit job copy -> /tools/ecolabel-selector,Find Your Ecolabel -> /tools/ecolabel-selector,no,,,drivers-of-ecolabel-adoption,https://ecosystemsunited.com/articles/drivers-of-ecolabel-adoption,70,147,639
article,How to Spot Fake Ecolabels: Avoiding Greenwashing in Your Supply Chain,ecolabels | certification | sustainability standards | greenwashing | spot | fake | agriculture | sustainability,ecolabel,ecolabel,already matched,ecolabel-guide,1,2,yes(heuristic),BaselineCTA,MidCTA: label-fit job copy -> /tools/ecolabel-selector,Find Your Ecolabel -> /tools/ecolabel-selector,yes,,,how-to-spot-fake-ecolabels,https://ecosystemsunited.com/articles/how-to-spot-fake-ecolabels,70,136,625
article,The Most Trustworthy Ecolabels: 10 Certifications That Actually Mean Something,ecolabels | certification | sustainability standards | greenwashing | most | trustworthy | agriculture | sustainability,ecolabel,ecolabel,already matched,ecolabel-guide,1,2,yes(heuristic),BaselineCTA,MidCTA: label-fit job copy -> /tools/ecolabel-selector,Find Your Ecolabel -> /tools/ecolabel-selector,no,,,most-trustworthy-ecolabels,https://ecosystemsunited.com/articles/most-trustworthy-ecolabels,78,153,583
article,"The Different Types of Ecolabels: Type I, II, and III Explained",ecolabels | certification | sustainability standards | greenwashing | different | types | agriculture | sustainability,ecolabel,ecolabel,already matched,ecolabel-guide,1,2,yes(heuristic),BaselineCTA,MidCTA: label-fit job copy -> /tools/ecolabel-selector,Find Your Ecolabel -> /tools/ecolabel-selector,no,,,the-different-types-of-ecolabels,https://ecosystemsunited.com/articles/the-different-types-of-ecolabels,63,152,732
article,What Are Ecolabels? Understanding Sustainability Certifications,ecolabels | certification | sustainability standards | greenwashing | agriculture | sustainability,ecolabel,ecolabel,already matched,ecolabel-guide,1,2,yes(heuristic),BaselineCTA,MidCTA: label-fit job copy -> /tools/ecolabel-selector,Find Your Ecolabel -> /tools/ecolabel-selector,no,,,what-are-ecolabels,https://ecosystemsunited.com/articles/what-are-ecolabels,63,151,921
article,ESG Labels in 2025: Understanding the Certification Landscape,ecolabels | certification | sustainability standards | greenwashing | esg | labels | 2025 | agriculture | sustainability,none-fallback,ecolabel,Navigating the certification/label landscape is exactly what the ecolabel selector serves.,ecolabel-guide,1,2,yes(heuristic),BaselineCTA,BaselineCTA (fallback - unmatched cluster),Newsletter signup,no,,,esg-labels-in-2025,https://ecosystemsunited.com/articles/esg-labels-in-2025,61,163,652
article,The Real Cost of GlobalG.A.P. Certification (and How to Reduce It),GlobalG.A.P. cost | certification cost | farm certification price | audit fees | ecolabels | certification | agriculture | sustainability,none-fallback,ecolabel,GlobalG.A.P. is a farm-assurance certification; cost/readiness is the ecolabel-selector job.,,2,1,no,BaselineCTA,BaselineCTA (fallback - unmatched cluster),Newsletter signup,no,,,globalg-a-p-certification-costs,https://ecosystemsunited.com/articles/globalg-a-p-certification-costs,66,169,684
article,GlobalG.A.P. vs Organic Certification: Which One for Your Farm?,GlobalG.A.P. | organic certification | EU organic | farm certification comparison | ecolabels | certification | agriculture | sustainability,none-fallback,ecolabel,Choosing between certifications is the ecolabel-selector's core question.,,2,1,no,BaselineCTA,BaselineCTA (fallback - unmatched cluster),Newsletter signup,no,,,globalg-a-p-vs-organic-certification,https://ecosystemsunited.com/articles/globalg-a-p-vs-organic-certification,63,131,638
article,How to Prepare for a GlobalG.A.P. Audit in 30 Days,GlobalG.A.P. | audit preparation | IFA audit | farm audit | certification audit | ecolabels | certification | agriculture | sustainability,product-rotation,ecolabel,Certification audit readiness maps to the ecolabel selector's readiness scoring.,,2,1,no,BaselineCTA,BaselineCTA (fallback - unmatched cluster),See Our Pricing (hash product CTA),no,,,globalg-a-p-audit-preparation-guide,https://ecosystemsunited.com/articles/globalg-a-p-audit-preparation-guide,50,155,949
article,GlobalG.A.P. Certification: What SME Farms Actually Need,GlobalG.A.P. | IFA certification | farm assurance | food safety certification | ecolabels | certification | sustainability standards | agriculture | sustainability,product-rotation,ecolabel,What a farm-assurance certification requires is the ecolabel-selector job.,vsme-guide,2,1,no,BaselineCTA,BaselineCTA (fallback - unmatched cluster),See Our Pricing (hash product CTA),no,,,globalg-a-p-certification-what-sme-farms-need,https://ecosystemsunited.com/articles/globalg-a-p-certification-what-sme-farms-need,56,155,967
article,GlobalG.A.P. GRASP: Worker Welfare Requirements Explained,GRASP | GlobalG.A.P. | worker welfare | social practice | farm workers | labor rights | ecolabels | certification | agriculture | sustainability,product-rotation,ecolabel,GRASP is a certification add-on module; reader is in the certification-readiness job.,vsme-guide,2,1,no,BaselineCTA,BaselineCTA (fallback - unmatched cluster),Try the Response Generator (hash product CTA),no,,,globalg-a-p-grasp-worker-welfare,https://ecosystemsunited.com/articles/globalg-a-p-grasp-worker-welfare,57,148,763
article,Agricultural Drainage: Benefits for Soil Health and Operational Efficiency,irrigation | water management | drainage | precision agriculture | agricultural | agriculture | sustainability,efficiency,efficiency,already matched,water-management-guide,2,1,no,BaselineCTA,MidCTA: leak job copy -> /tools/efficiency-assessment,Score your operation -> /tools/efficiency-assessment,yes,yes,,agricultural-drainage,https://ecosystemsunited.com/articles/agricultural-drainage,74,158,639
article,"Agricultural Irrigation: Methods, Advantages, and Efficiency Trade-offs",irrigation | water management | drainage | precision agriculture | agricultural | agriculture | sustainability,efficiency,efficiency,already matched,water-management-guide,2,2,yes(heuristic),BaselineCTA,MidCTA: leak job copy -> /tools/efficiency-assessment,Score your operation -> /tools/efficiency-assessment,yes,,content refresh candidate - Cat 2026-07-25,agricultural-irrigation,https://ecosystemsunited.com/articles/agricultural-irrigation,71,172,620
article,Controlled Drainage and Drainage Water Management | Ecosystems United,irrigation | water management | drainage | controlled drainage | drainage water management | nitrates directive | agriculture | sustainability,efficiency,efficiency,already matched,,2,1,no,BaselineCTA,MidCTA: leak job copy -> /tools/efficiency-assessment,Score your operation -> /tools/efficiency-assessment,no,,,controlled-drainage,https://ecosystemsunited.com/articles/controlled-drainage,69,182,1357
article,8 Essential Questions Before Installing an Irrigation System,irrigation | water management | drainage | precision agriculture | system | planning | agriculture | sustainability,efficiency,efficiency,already matched,water-management-guide,2,2,yes(heuristic),BaselineCTA,MidCTA: leak job copy -> /tools/efficiency-assessment,Score your operation -> /tools/efficiency-assessment,yes,,,irrigation-system-planning,https://ecosystemsunited.com/articles/irrigation-system-planning,60,154,750
article,Nutrient Management Planning for Farm Operations | Ecosystems United,soil testing | nutrient management | erosion control | land management | nutrient | management | planning | agriculture | sustainability,efficiency,efficiency,already matched,soil-management-guide,2,2,yes(heuristic),BaselineCTA,MidCTA: leak job copy -> /tools/efficiency-assessment,Score your operation -> /tools/efficiency-assessment,no,,,nutrient-management-planning,https://ecosystemsunited.com/articles/nutrient-management-planning,68,154,1808
article,"Precision Irrigation Technology: Sensors, VRI, and ROI",irrigation | water management | drainage | precision agriculture | precision | technology | agriculture | sustainability,efficiency,efficiency,already matched,water-management-guide,2,2,yes(heuristic),BaselineCTA,MidCTA: leak job copy -> /tools/efficiency-assessment,Score your operation -> /tools/efficiency-assessment,yes,,,precision-irrigation-technology,https://ecosystemsunited.com/articles/precision-irrigation-technology,54,202,1752
article,Rainwater Harvesting for Agricultural Operations | Ecosystems United,irrigation | water management | drainage | precision agriculture | rainwater | harvesting | agriculture | sustainability,efficiency,efficiency,already matched,water-management-guide,2,2,yes(heuristic),BaselineCTA,MidCTA: leak job copy -> /tools/efficiency-assessment,Score your operation -> /tools/efficiency-assessment,no,,,rainwater-harvesting-agriculture,https://ecosystemsunited.com/articles/rainwater-harvesting-agriculture,68,159,1695
article,"Soil Compaction: Detection, Prevention, and Remediation | Ecosystems United",soil testing | nutrient management | erosion control | land management | soil | compaction | management | agriculture | sustainability,efficiency,efficiency,already matched,soil-management-guide,2,2,yes(heuristic),BaselineCTA,MidCTA: leak job copy -> /tools/efficiency-assessment,Score your operation -> /tools/efficiency-assessment,no,,,soil-compaction-management,https://ecosystemsunited.com/articles/soil-compaction-management,75,137,2139
article,"Subsurface Drainage: Design, Costs, and Payback | Ecosystems United",irrigation | water management | drainage | precision agriculture | subsurface | design | agriculture | sustainability,efficiency,efficiency,already matched,water-management-guide,2,1,no,BaselineCTA,MidCTA: leak job copy -> /tools/efficiency-assessment,Score your operation -> /tools/efficiency-assessment,no,yes,,subsurface-drainage-design,https://ecosystemsunited.com/articles/subsurface-drainage-design,67,171,2069
article,"Tillage Systems Compared: Conventional, Minimum, and No-Till Economics | Ecosystems United",soil testing | nutrient management | erosion control | land management | tillage | systems | compared | agriculture | sustainability,efficiency,efficiency,already matched,soil-management-guide,2,2,yes(heuristic),BaselineCTA,MidCTA: leak job copy -> /tools/efficiency-assessment,Score your operation -> /tools/efficiency-assessment,no,,,tillage-systems-compared,https://ecosystemsunited.com/articles/tillage-systems-compared,90,149,1895
article,Value Chains: Understanding How Value Flows Through Your Operation,circular economy | resource efficiency | waste reduction | life cycle assessment | value | chains | economic | efficiency | agriculture | sustainability,efficiency,efficiency,already matched,circular-economy-guide,2,3,yes(heuristic),BaselineCTA,MidCTA: leak job copy -> /tools/efficiency-assessment,Score your operation -> /tools/efficiency-assessment,yes,,,value-chains-economic-efficiency,https://ecosystemsunited.com/articles/value-chains-economic-efficiency,66,149,731
article,Water Quality Management for Farm Operations | Ecosystems United,irrigation | water management | drainage | precision agriculture | water | quality | management | farms | agriculture | sustainability,efficiency,efficiency,already matched,water-management-guide,2,2,yes(heuristic),BaselineCTA,MidCTA: leak job copy -> /tools/efficiency-assessment,Score your operation -> /tools/efficiency-assessment,no,,,water-quality-management-farms,https://ecosystemsunited.com/articles/water-quality-management-farms,64,179,1911
article,Water Efficiency and Recycling on Farms: Practical Water Management for Agriculture,circular economy | resource efficiency | waste reduction | life cycle assessment | water | recycling | efficiency | agriculture | sustainability,efficiency,efficiency,already matched,circular-economy-guide,3,2,yes(heuristic),BaselineCTA,MidCTA: leak job copy -> /tools/efficiency-assessment,Score your operation -> /tools/efficiency-assessment,no,,,water-recycling-efficiency,https://ecosystemsunited.com/articles/water-recycling-efficiency,83,167,1628
article,"Closed-Loop Nutrient Systems for Farms: Minimize Leakage, Maximize Cycling",circular economy | resource efficiency | waste reduction | life cycle assessment | closed | loop | nutrient | cycling | agriculture | sustainability,none-fallback,efficiency,Minimizing nutrient leakage is the literal 'find the leaks' job of the efficiency scorecard; sits with nutrient-management-planning (already efficiency).,circular-economy-guide,3,2,yes(heuristic),BaselineCTA,BaselineCTA (fallback - unmatched cluster),Newsletter signup,no,,,closed-loop-nutrient-cycling,https://ecosystemsunited.com/articles/closed-loop-nutrient-cycling,74,152,1630
article,Sustainability in Agribusiness: How Smart Practices Drive Long-Term Profitability,agribusiness | agricultural economics | food systems | value chain | sustainability | agriculture,none-fallback,efficiency,Broad 'sustainable practices drive profitability' with an explicit Stack 2 (efficiency) framing — score-your-operation is the fit (judgment call).,agribusiness-guide,2,2,yes(heuristic),BaselineCTA,BaselineCTA (fallback - unmatched cluster),Newsletter signup,yes,,,sustainability-in-agribusiness,https://ecosystemsunited.com/articles/sustainability-in-agribusiness,81,162,807
article,Advantages and Disadvantages of Agribusiness: What It Gives You vs. What It Costs,agribusiness | agricultural economics | food systems | value chain | advantages | disadvantages | agriculture | sustainability,none-fallback,none (candidate: agribusiness-strategy),Optimizing your position inside the agribusiness system — no tool serves strategic positioning.,agribusiness-guide,,0,no,BaselineCTA,BaselineCTA (fallback - unmatched cluster),Newsletter signup,no,,,advantages-disadvantages-agribusiness,https://ecosystemsunited.com/articles/advantages-disadvantages-agribusiness,81,146,797
article,The Agribusiness Supply Chain Explained | Ecosystems United,agribusiness | agricultural economics | food systems | value chain | supply | chain | explained | agriculture | sustainability,none-fallback,none (candidate: agribusiness-strategy),Understanding where value/margin sits in the chain is a positioning job with no matching tool.,agribusiness-guide,,0,no,BaselineCTA,BaselineCTA (fallback - unmatched cluster),Newsletter signup,no,,,agribusiness-supply-chain-explained,https://ecosystemsunited.com/articles/agribusiness-supply-chain-explained,59,160,1956
article,Technology Trends Reshaping Agribusiness | Ecosystems United,agribusiness | agricultural economics | food systems | value chain | technology | trends | agriculture | sustainability,none-fallback,none (candidate: agribusiness-strategy),Deciding which ag-tech to invest in is a strategy job with no tool.,agribusiness-guide,,0,no,BaselineCTA,BaselineCTA (fallback - unmatched cluster),Newsletter signup,no,,,agribusiness-technology-trends,https://ecosystemsunited.com/articles/agribusiness-technology-trends,60,170,1941
article,Agriculture vs. Agribusiness: Where Can You Actually Compete?,agribusiness | agricultural economics | food systems | value chain | agriculture | sustainability,none-fallback,none (candidate: agribusiness-strategy),Finding where you can compete is strategic positioning — no tool.,agribusiness-guide,,0,no,BaselineCTA,BaselineCTA (fallback - unmatched cluster),Newsletter signup,no,,,agriculture-vs-agribusiness,https://ecosystemsunited.com/articles/agriculture-vs-agribusiness,61,161,677
article,The Origins and History of Agribusiness: How the System Was Built,agribusiness | agricultural economics | food systems | value chain | origins | history | agriculture | sustainability,none-fallback,none (candidate: agribusiness-strategy),System-history/context piece feeding competitive positioning — no tool.,agribusiness-guide,,0,no,BaselineCTA,BaselineCTA (fallback - unmatched cluster),Newsletter signup,no,,,origins-history-agribusiness,https://ecosystemsunited.com/articles/origins-history-agribusiness,65,133,800
article,Small vs. Large Agribusiness: Finding Your Competitive Position,agribusiness | agricultural economics | food systems | value chain | small | large | agriculture | sustainability,none-fallback,none (candidate: agribusiness-strategy),Finding a competitive position by scale is a strategy job — no tool.,agribusiness-guide,,0,no,BaselineCTA,BaselineCTA (fallback - unmatched cluster),Newsletter signup,no,,,small-vs-large-agribusiness,https://ecosystemsunited.com/articles/small-vs-large-agribusiness,63,130,767
article,What Is Agribusiness? Understanding the System You Operate In,agribusiness | agricultural economics | food systems | value chain | agriculture | sustainability,product-rotation,none (candidate: agribusiness-strategy),Foundational 'understand the system to position yourself' — no tool.,agribusiness-guide,,0,no,BaselineCTA,BaselineCTA (fallback - unmatched cluster),Try the Response Generator (hash product CTA),no,,,what-is-agribusiness,https://ecosystemsunited.com/articles/what-is-agribusiness,61,162,833
article,Biodiversity Net Gain: Opportunity for Agricultural Land | Ecosystems United,biodiversity | habitat creation | pollinators | biodiversity net gain | net | gain | agriculture | sustainability,none-fallback,none (candidate: biodiversity),Monetizing habitat via BNG units — a biodiversity job with a guide but no tool.,,5,2,yes(heuristic),BaselineCTA,BaselineCTA (fallback - unmatched cluster),Newsletter signup,no,,,biodiversity-net-gain-agriculture,https://ecosystemsunited.com/articles/biodiversity-net-gain-agriculture,76,148,2341
article,"Hedgerow Management: Ecology, Economics, and Carbon | Ecosystems United",biodiversity | habitat creation | pollinators | biodiversity net gain | hedgerow | management | economics | agriculture | sustainability,none-fallback,none (candidate: biodiversity),"Hedgerows as habitat/carbon/yield infrastructure — biodiversity job, no tool.",,5,2,yes(heuristic),BaselineCTA,BaselineCTA (fallback - unmatched cluster),Newsletter signup,no,,,hedgerow-management-economics,https://ecosystemsunited.com/articles/hedgerow-management-economics,71,159,1589
article,Creating Pollinator Habitat on the Farm | Ecosystems United,biodiversity | habitat creation | pollinators | biodiversity net gain | pollinator | habitat | farm | agriculture | sustainability,none-fallback,none (candidate: biodiversity),"Creating pollinator habitat for yield + reporting — biodiversity job, no tool.",,5,2,yes(heuristic),BaselineCTA,BaselineCTA (fallback - unmatched cluster),Newsletter signup,no,,,pollinator-habitat-farm,https://ecosystemsunited.com/articles/pollinator-habitat-farm,59,175,1728
article,Biodiversity Assessment for Farm Operations | Ecosystems United,biodiversity | habitat creation | pollinators | biodiversity net gain | assessment | farms | agriculture | sustainability,product-rotation,none (candidate: biodiversity),"Measuring/reporting farm biodiversity — biodiversity job, no tool (baseline also defensible as measurement).",,1,2,yes(heuristic),BaselineCTA,BaselineCTA (fallback - unmatched cluster),See Our Pricing (hash product CTA),no,,,biodiversity-assessment-farms,https://ecosystemsunited.com/articles/biodiversity-assessment-farms,63,169,1805
article,"Biodiversity on the Farm: Measuring, Creating, and Monetizing Habitat",biodiversity | farm biodiversity | biodiversity net gain | hedgerow management | pollinator habitat | biodiversity assessment | agriculture | habitat creation | regenerative agriculture,product-rotation,none (candidate: biodiversity),"Measure/create/monetize habitat overview — biodiversity job, no tool (this -guide is not a detected pillar).",,5,1,no,BaselineCTA,BaselineCTA (fallback - unmatched cluster),See Our Pricing (hash product CTA),no,,,biodiversity-guide,https://ecosystemsunited.com/articles/biodiversity-guide,69,127,1498
article,The Circular Economy Explained: From Waste Streams to Value Streams,circular economy | resource efficiency | waste reduction | life cycle assessment | circular | economy | explained | agriculture | sustainability,none-fallback,none (candidate: circular-economy),Turning waste streams into value — a circular-economy job with a pillar guide but no tool.,circular-economy-guide,3,2,yes(heuristic),BaselineCTA,BaselineCTA (fallback - unmatched cluster),Newsletter signup,no,,,circular-economy-explained,https://ecosystemsunited.com/articles/circular-economy-explained,67,157,779
article,Building Circular Supply Chains in Agriculture,circular economy | resource efficiency | waste reduction | life cycle assessment | circular | supply | chains | food | agriculture | sustainability,none-fallback,none (candidate: circular-economy),"Closing supply-chain loops for value — circular-economy job, no tool.",circular-economy-guide,3,2,yes(heuristic),BaselineCTA,BaselineCTA (fallback - unmatched cluster),Newsletter signup,no,,,circular-supply-chains-food,https://ecosystemsunited.com/articles/circular-supply-chains-food,46,161,1720
article,Farm Waste Streams: Where Value Is Being Lost,circular economy | resource efficiency | waste reduction | life cycle assessment | farm | waste | value | agriculture | sustainability,none-fallback,none (candidate: circular-economy),"Auditing waste streams for new revenue — circular-economy job, no tool (efficiency-adjacent but revenue not leak-plugging).",circular-economy-guide,3,2,yes(heuristic),BaselineCTA,BaselineCTA (fallback - unmatched cluster),Newsletter signup,no,,,farm-waste-to-value,https://ecosystemsunited.com/articles/farm-waste-to-value,45,165,1630
article,Introduction to Companion Planting: Exploiting Plant Relationships,intercropping | polyculture | crop diversity | companion planting | companion | planting | introduction | agriculture | sustainability,none-fallback,none (candidate: intercropping),"Companion-planting adoption — agronomic diversification, no tool.",intercropping-guide,4,2,yes(heuristic),BaselineCTA,BaselineCTA (fallback - unmatched cluster),Newsletter signup,yes,,,companion-planting-introduction,https://ecosystemsunited.com/articles/companion-planting-introduction,66,140,707
article,Intercropping for Climate Resilience | Ecosystems United,intercropping | polyculture | crop diversity | companion planting | climate | resilience | agriculture | sustainability,none-fallback,none (candidate: intercropping),"Crop-diversity yield-buffering is agronomic, not the business-continuity resilience tool; no matching tool.",intercropping-guide,4,2,yes(heuristic),BaselineCTA,BaselineCTA (fallback - unmatched cluster),Newsletter signup,no,,,intercropping-climate-resilience,https://ecosystemsunited.com/articles/intercropping-climate-resilience,56,142,2001
article,Intercropping in Organic Systems: Why Multi-Crop Approaches Fit Organic Principles,intercropping | polyculture | crop diversity | companion planting | organic | systems | agriculture | sustainability,none-fallback,none (candidate: intercropping),"Intercropping within organic systems — agronomic diversification, no tool.",intercropping-guide,4,2,yes(heuristic),BaselineCTA,BaselineCTA (fallback - unmatched cluster),Newsletter signup,yes,,,intercropping-organic-systems,https://ecosystemsunited.com/articles/intercropping-organic-systems,82,139,592
article,Intercropping for Integrated Pest Management | Ecosystems United,intercropping | polyculture | crop diversity | companion planting | pest | management | agriculture | sustainability,none-fallback,none (candidate: intercropping),"Reducing pest pressure via crop diversity — agronomic, no tool.",intercropping-guide,3,2,yes(heuristic),BaselineCTA,BaselineCTA (fallback - unmatched cluster),Newsletter signup,no,,,intercropping-pest-management,https://ecosystemsunited.com/articles/intercropping-pest-management,64,165,2202
article,Intercropping Practices: From Push-Pull to Companion Planting,intercropping | polyculture | crop diversity | companion planting | practices | agriculture | sustainability,none-fallback,none (candidate: intercropping),"Push-pull/trap-crop practice how-to — agronomic diversification, no tool.",intercropping-guide,4,2,yes(heuristic),BaselineCTA,BaselineCTA (fallback - unmatched cluster),Newsletter signup,yes,,,intercropping-practices,https://ecosystemsunited.com/articles/intercropping-practices,61,159,820
article,Intercropping vs. Polyculture: Multi-Crop Systems That Reduce Risk and Build Margin,intercropping | polyculture | crop diversity | companion planting | agriculture | sustainability,none-fallback,none (candidate: intercropping),"Choosing a multi-crop system — agronomic diversification, no tool.",intercropping-guide,4,2,yes(heuristic),BaselineCTA,BaselineCTA (fallback - unmatched cluster),Newsletter signup,yes,,,intercropping-vs-polyculture,https://ecosystemsunited.com/articles/intercropping-vs-polyculture,83,152,795
article,Introduction to Intercropping: Multi-Crop Systems for Better Land Use,intercropping | polyculture | crop diversity | companion planting | introduction | agriculture | sustainability,none-fallback,none (candidate: intercropping),"Intercropping basics — agronomic diversification, no tool.",intercropping-guide,4,2,yes(heuristic),BaselineCTA,BaselineCTA (fallback - unmatched cluster),Newsletter signup,yes,,,introduction-to-intercropping,https://ecosystemsunited.com/articles/introduction-to-intercropping,69,153,699
article,Measuring Intercropping Effectiveness: Key Metrics and Methods,intercropping | polyculture | crop diversity | companion planting | measuring | effectiveness | agriculture | sustainability,none-fallback,none (candidate: intercropping),"Measuring LER/IER of an intercrop — agronomic evaluation, no tool.",intercropping-guide,4,2,yes(heuristic),BaselineCTA,BaselineCTA (fallback - unmatched cluster),Newsletter signup,yes,,,measuring-intercropping-effectiveness,https://ecosystemsunited.com/articles/measuring-intercropping-effectiveness,62,156,828
article,Advantages and Disadvantages of Intercropping: A Balanced Assessment,intercropping | polyculture | crop diversity | companion planting | advantages | disadvantages | agriculture | sustainability,product-rotation,none (candidate: intercropping),Deciding whether to adopt intercropping — an agronomic-diversification job with a pillar guide but no tool.,intercropping-guide,4,2,yes(heuristic),BaselineCTA,BaselineCTA (fallback - unmatched cluster),See Our Pricing (hash product CTA),yes,,,advantages-disadvantages-intercropping,https://ecosystemsunited.com/articles/advantages-disadvantages-intercropping,68,157,744
article,Cereal-Legume Intercropping: The Most Practical System | Ecosystems United,intercropping | polyculture | crop diversity | companion planting | cereal | legume | agriculture | sustainability,product-rotation,none (candidate: intercropping),"Implementing the flagship cereal-legume system — agronomic diversification, no tool.",intercropping-guide,3,2,yes(heuristic),BaselineCTA,BaselineCTA (fallback - unmatched cluster),Try the Response Generator (hash product CTA),no,,,intercropping-cereal-legume,https://ecosystemsunited.com/articles/intercropping-cereal-legume,74,174,1645
article,Strategic Land Use Planning for Farm Operations | Ecosystems United,soil testing | nutrient management | erosion control | land management | land | use | planning | farms | agriculture | sustainability,none-fallback,none (candidate: land-use-planning),Strategic land-capability/enterprise allocation (+ BNG/environmental features) — no tool; sits under soil-management-guide pillar.,soil-management-guide,2,2,yes(heuristic),BaselineCTA,BaselineCTA (fallback - unmatched cluster),Newsletter signup,no,,,land-use-planning-farms,https://ecosystemsunited.com/articles/land-use-planning-farms,67,173,2148
article,Direct Marketing for Small Farms: 7 Keys to Building Customer Relationships,small farms | farm strategy | direct marketing | local food | direct | marketing | small | farms | agriculture | sustainability,none-fallback,none (candidate: small-farm-strategy),Building direct customer relationships for premium pricing is a marketing-strategy job with no tool.,small-farm-guide,5,1,no,BaselineCTA,BaselineCTA (fallback - unmatched cluster),Newsletter signup,no,,,direct-marketing-small-farms,https://ecosystemsunited.com/articles/direct-marketing-small-farms,75,150,795
article,What Are Small Farms? The Business Case for Staying Small,small farms | farm strategy | direct marketing | local food | small | farms | agriculture | sustainability,none-fallback,none (candidate: small-farm-strategy),"Strategic case for staying small — positioning, no tool.",small-farm-guide,,0,no,BaselineCTA,BaselineCTA (fallback - unmatched cluster),Newsletter signup,no,,,what-are-small-farms,https://ecosystemsunited.com/articles/what-are-small-farms,57,156,702
article,Why Consumers Are Seeking Out Local Food (And What That Means for Your Farm),small farms | farm strategy | direct marketing | local food | consumers | want | local | food | agriculture | sustainability,none-fallback,none (candidate: small-farm-strategy),Positioning a farm to capture local-food demand is a marketing job — no tool.,small-farm-guide,,0,no,BaselineCTA,BaselineCTA (fallback - unmatched cluster),Newsletter signup,no,,,why-consumers-want-local-food,https://ecosystemsunited.com/articles/why-consumers-want-local-food,76,162,1492
article,Food Deserts: An Underserved Market Your Farm Can Reach,small farms | farm strategy | direct marketing | local food | food | deserts | market | opportunity | agriculture | sustainability,product-rotation,none (candidate: small-farm-strategy),Reaching an underserved market via new channels is a marketing-strategy job — no tool.,small-farm-guide,,0,no,BaselineCTA,BaselineCTA (fallback - unmatched cluster),See Our Pricing (hash product CTA),no,,,food-deserts-market-opportunity,https://ecosystemsunited.com/articles/food-deserts-market-opportunity,55,218,1743
article,The Industrial Food System: What Small Farms Are Up Against,small farms | farm strategy | direct marketing | local food | industrial | food | system | small | farms | agriculture | sustainability,product-rotation,none (candidate: small-farm-strategy),"Understanding what you're up against to compete outside it — strategy, no tool.",small-farm-guide,,0,no,BaselineCTA,BaselineCTA (fallback - unmatched cluster),See Our Pricing (hash product CTA),no,,,industrial-food-system-small-farms,https://ecosystemsunited.com/articles/industrial-food-system-small-farms,59,188,1472
article,"Small Farm Competitive Strategy: Differentiation, Specialization, and Diversification",small farms | farm strategy | direct marketing | local food | small | farm | competitive | strategy | agriculture | sustainability,product-rotation,none (candidate: small-farm-strategy),Differentiation/specialization/diversification is pure competitive strategy — no tool.,small-farm-guide,,0,no,BaselineCTA,BaselineCTA (fallback - unmatched cluster),See Our Pricing (hash product CTA),no,,,small-farm-competitive-strategy,https://ecosystemsunited.com/articles/small-farm-competitive-strategy,85,153,645
article,5 Market Channels for Small Farms Beyond the Farmgate,small farms | farm strategy | direct marketing | local food | small | farm | market | channels | agriculture | sustainability,product-rotation,none (candidate: small-farm-strategy),Diversifying sales channels is a marketing job (overlaps resilience: reducing single-buyer concentration) — no tool.,small-farm-guide,,0,no,BaselineCTA,BaselineCTA (fallback - unmatched cluster),See Our Pricing (hash product CTA),no,,,small-farm-market-channels,https://ecosystemsunited.com/articles/small-farm-market-channels,53,158,1983
article,Value-Added Products for Small Farms: From Raw to Revenue,small farms | farm strategy | direct marketing | local food | small | farm | value | added | products | agriculture | sustainability,product-rotation,none (candidate: small-farm-strategy),Moving up the value chain via processing is a revenue-strategy job — no tool.,small-farm-guide,3,1,no,BaselineCTA,BaselineCTA (fallback - unmatched cluster),See Our Pricing (hash product CTA),no,,,small-farm-value-added-products,https://ecosystemsunited.com/articles/small-farm-value-added-products,57,157,1760
article,Erosion Control Strategies for Farmland | Ecosystems United,soil testing | nutrient management | erosion control | land management | erosion | control | strategies | agriculture | sustainability,none-fallback,regenerative,"Soil-conservation practices with cost/benefit economics — the regenerative ROI (does this practice pay) job, like soil-health-business-case.",soil-management-guide,4,2,yes(heuristic),BaselineCTA,BaselineCTA (fallback - unmatched cluster),Newsletter signup,no,,,erosion-control-strategies,https://ecosystemsunited.com/articles/erosion-control-strategies,59,149,1924
article,"Building Soil Organic Matter: Practices, Timelines, and Returns | Ecosystems United",soil testing | nutrient management | erosion control | land management | soil | organic | matter | building | agriculture | sustainability,product-rotation,regenerative,Building SOM via cover crops/compost/reduced-till with payback + carbon income is textbook regenerative-ROI content.,soil-management-guide,5,2,yes(heuristic),BaselineCTA,BaselineCTA (fallback - unmatched cluster),See Our Pricing (hash product CTA),no,,,soil-organic-matter-building,https://ecosystemsunited.com/articles/soil-organic-matter-building,83,155,1880
article,Agroforestry: Adding Trees to Your Bottom Line,regenerative agriculture | soil health | carbon credits | farm economics | agroforestry | economics | agriculture | sustainability,regenerative,regenerative,already matched,regenerative-guide,5,2,yes(heuristic),BaselineCTA,MidCTA: transition-numbers job copy -> /tools/regenerative-roi,Calculate Your Payback -> /tools/regenerative-roi,yes,,,agroforestry-economics,https://ecosystemsunited.com/articles/agroforestry-economics,46,155,2137
article,Biochar: The Business Case for Soil Carbon,regenerative agriculture | soil health | carbon credits | farm economics | biochar | soil | amendment | agriculture | sustainability,regenerative,regenerative,already matched,regenerative-guide,5,2,yes(heuristic),BaselineCTA,MidCTA: transition-numbers job copy -> /tools/regenerative-roi,Calculate Your Payback -> /tools/regenerative-roi,yes,,,biochar-soil-amendment,https://ecosystemsunited.com/articles/biochar-soil-amendment,42,147,1755
article,Carbon Credits and Carbon Markets for Agricultural Operations,regenerative agriculture | soil health | carbon credits | farm economics | carbon | markets | agriculture | sustainability,regenerative,regenerative,already matched,regenerative-guide,5,2,yes(heuristic),BaselineCTA,MidCTA: transition-numbers job copy -> /tools/regenerative-roi,Calculate Your Payback -> /tools/regenerative-roi,yes,,,carbon-markets-agriculture,https://ecosystemsunited.com/articles/carbon-markets-agriculture,61,145,1767
article,On-Farm Composting: Turning Waste into Fertility,regenerative agriculture | soil health | carbon credits | farm economics | composting | nutrient | cycling | roi | agriculture | sustainability,regenerative,regenerative,already matched,regenerative-guide,5,2,yes(heuristic),BaselineCTA,MidCTA: transition-numbers job copy -> /tools/regenerative-roi,Calculate Your Payback -> /tools/regenerative-roi,no,,,composting-nutrient-cycling-roi,https://ecosystemsunited.com/articles/composting-nutrient-cycling-roi,48,176,1336
article,Cover Crop Selection Guide: Matching Species to Purpose | Ecosystems United,soil testing | nutrient management | erosion control | land management | cover | crop | selection | guide | agriculture | sustainability,regenerative,regenerative,already matched,regenerative-guide | soil-management-guide,3,1,no,BaselineCTA,MidCTA: transition-numbers job copy -> /tools/regenerative-roi,Calculate Your Payback -> /tools/regenerative-roi,no,yes,,cover-crop-selection-guide,https://ecosystemsunited.com/articles/cover-crop-selection-guide,75,163,1699
article,"Cover Crop Termination: Methods, Timing, and Cost per Hectare",regenerative agriculture | soil health | cover crops | termination | roller crimper | winterkill | farm economics | agriculture | sustainability,regenerative,regenerative,already matched,,5,1,no,BaselineCTA,MidCTA: transition-numbers job copy -> /tools/regenerative-roi,Calculate Your Payback -> /tools/regenerative-roi,no,,,cover-crop-termination,https://ecosystemsunited.com/articles/cover-crop-termination,61,194,1798
article,"Cover Crops: Investment, Returns, and the Path to Positive ROI",regenerative agriculture | soil health | carbon credits | farm economics | cover | crops | roi | agriculture | sustainability,regenerative,regenerative,already matched,regenerative-guide,2,1,no,BaselineCTA,MidCTA: transition-numbers job copy -> /tools/regenerative-roi,Calculate Your Payback -> /tools/regenerative-roi,yes,yes,,cover-crops-roi,https://ecosystemsunited.com/articles/cover-crops-roi,62,128,677
article,The Economics of Regenerative Agriculture: A Financial Framework,regenerative agriculture | soil health | carbon credits | farm economics | regenerative | agriculture | economics | sustainability,regenerative,regenerative,already matched,regenerative-guide,5,1,no,BaselineCTA,MidCTA: transition-numbers job copy -> /tools/regenerative-roi,Calculate Your Payback -> /tools/regenerative-roi,yes,yes,,regenerative-agriculture-economics,https://ecosystemsunited.com/articles/regenerative-agriculture-economics,64,159,784
article,7 Regenerative Practices Delivering ROI in 2025,regenerative agriculture | soil health | carbon credits | farm economics | regenerative | practices | 2025 | agriculture | sustainability,regenerative,regenerative,already matched,regenerative-guide,5,2,yes(heuristic),BaselineCTA,MidCTA: transition-numbers job copy -> /tools/regenerative-roi,Calculate Your Payback -> /tools/regenerative-roi,yes,,,regenerative-practices-2025,https://ecosystemsunited.com/articles/regenerative-practices-2025,47,142,791
article,What Regenerative Transition Actually Costs (And When It Pays Back),regenerative agriculture | soil health | carbon credits | farm economics | regenerative | transition | costs | agriculture | sustainability,regenerative,regenerative,already matched,regenerative-guide,5,2,yes(heuristic),BaselineCTA,MidCTA: transition-numbers job copy -> /tools/regenerative-roi,Calculate Your Payback -> /tools/regenerative-roi,no,,,regenerative-transition-costs,https://ecosystemsunited.com/articles/regenerative-transition-costs,67,168,2078
article,Soil Health: The Business Case for Your Most Undervalued Asset,regenerative agriculture | soil health | carbon credits | farm economics | soil | health | business | case | agriculture | sustainability,regenerative,regenerative,already matched,regenerative-guide,2,2,yes(heuristic),BaselineCTA,MidCTA: transition-numbers job copy -> /tools/regenerative-roi,Calculate Your Payback -> /tools/regenerative-roi,yes,,,soil-health-business-case,https://ecosystemsunited.com/articles/soil-health-business-case,62,160,865
article,Cooperative Models for Small Farms: Strength in Numbers,small farms | farm strategy | direct marketing | local food | cooperative | models | small | farms | agriculture | sustainability,none-fallback,resilience,Cooperation to fix bargaining power / absorb bad seasons is the resilience job; reduces customer/supplier concentration the tool scores.,small-farm-guide,4,1,no,BaselineCTA,BaselineCTA (fallback - unmatched cluster),Newsletter signup,no,,,cooperative-models-small-farms,https://ecosystemsunited.com/articles/cooperative-models-small-farms,55,182,1636
article,Pest and Disease Shifts Under Climate Change | Ecosystems United,climate risk | crop diversification | farm resilience | risk management | pest | disease | climate | change | agriculture | sustainability,product-rotation,resilience,"Climate-driven agronomic risk adaptation, grouped with climate-risk-assessment (already resilience); note the tool is business-continuity, not agronomic (judgment call).",resilience-guide,4,2,yes(heuristic),BaselineCTA,BaselineCTA (fallback - unmatched cluster),See Our Pricing (hash product CTA),no,,,pest-disease-climate-change,https://ecosystemsunited.com/articles/pest-disease-climate-change,64,159,2336
article,Climate Risk Assessment for Farm Operations | Ecosystems United,climate risk | crop diversification | farm resilience | risk management | climate | risk | assessment | farms | agriculture | sustainability,resilience,resilience,already matched,resilience-guide,4,2,yes(heuristic),BaselineCTA,MidCTA: disruption job copy -> /tools/resilience-exposure,Calculate your exposure -> /tools/resilience-exposure,no,,,climate-risk-assessment-farms,https://ecosystemsunited.com/articles/climate-risk-assessment-farms,63,189,1686
article,Crop Diversification as Risk Management | Ecosystems United,climate risk | crop diversification | farm resilience | risk management | crop | diversification | risk | agriculture | sustainability,resilience,resilience,already matched,resilience-guide,4,2,yes(heuristic),BaselineCTA,MidCTA: disruption job copy -> /tools/resilience-exposure,Calculate your exposure -> /tools/resilience-exposure,no,,,crop-diversification-risk,https://ecosystemsunited.com/articles/crop-diversification-risk,59,159,2059
article,Drought Resilience: Water Management Planning for Farms | Ecosystems United,irrigation | water management | drainage | precision agriculture | drought | resilience | water | management | agriculture | sustainability,resilience,resilience,already matched,water-management-guide,4,2,yes(heuristic),BaselineCTA,MidCTA: disruption job copy -> /tools/resilience-exposure,Calculate your exposure -> /tools/resilience-exposure,no,,,drought-resilience-water-management,https://ecosystemsunited.com/articles/drought-resilience-water-management,75,185,2304
article,Farm Insurance and Climate Adaptation Strategies | Ecosystems United,climate risk | crop diversification | farm resilience | risk management | farm | insurance | climate | adaptation | agriculture | sustainability,resilience,resilience,already matched,resilience-guide,4,2,yes(heuristic),BaselineCTA,MidCTA: disruption job copy -> /tools/resilience-exposure,Calculate your exposure -> /tools/resilience-exposure,no,,,farm-insurance-climate-adaptation,https://ecosystemsunited.com/articles/farm-insurance-climate-adaptation,68,162,1973
article,Farm Succession and Business Continuity Planning | Ecosystems United,climate risk | crop diversification | farm resilience | risk management | farm | succession | planning | agriculture | sustainability,resilience,resilience,already matched,resilience-guide,4,2,yes(heuristic),BaselineCTA,MidCTA: disruption job copy -> /tools/resilience-exposure,Calculate your exposure -> /tools/resilience-exposure,no,,,farm-succession-planning,https://ecosystemsunited.com/articles/farm-succession-planning,68,162,1915
article,Financial Resilience for Farm Operations | Ecosystems United,climate risk | crop diversification | farm resilience | risk management | financial | resilience | farm | operations | agriculture | sustainability,resilience,resilience,already matched,resilience-guide,4,2,yes(heuristic),BaselineCTA,MidCTA: disruption job copy -> /tools/resilience-exposure,Calculate your exposure -> /tools/resilience-exposure,no,,,financial-resilience-farm-operations,https://ecosystemsunited.com/articles/financial-resilience-farm-operations,60,178,2025
article,Managing Market Price Volatility on the Farm | Ecosystems United,climate risk | crop diversification | farm resilience | risk management | market | volatility | strategies | agriculture | sustainability,resilience,resilience,already matched,resilience-guide,4,2,yes(heuristic),BaselineCTA,MidCTA: disruption job copy -> /tools/resilience-exposure,Calculate your exposure -> /tools/resilience-exposure,no,,,market-volatility-strategies,https://ecosystemsunited.com/articles/market-volatility-strategies,64,139,2002
article,"Small Farm Financial Planning: Cash Flow, Seasonality, and Investment",small farms | farm strategy | direct marketing | local food | small | farm | financial | planning | agriculture | sustainability,resilience,resilience,already matched,small-farm-guide,2,1,no,BaselineCTA,MidCTA: disruption job copy -> /tools/resilience-exposure,Calculate your exposure -> /tools/resilience-exposure,no,,,small-farm-financial-planning,https://ecosystemsunited.com/articles/small-farm-financial-planning,69,180,1857
article,Building Supply Chain Resilience in Agriculture | Ecosystems United,climate risk | crop diversification | farm resilience | risk management | supply | chain | resilience | agriculture | sustainability,resilience,resilience,already matched,resilience-guide,4,2,yes(heuristic),BaselineCTA,MidCTA: disruption job copy -> /tools/resilience-exposure,Calculate your exposure -> /tools/resilience-exposure,no,,,supply-chain-resilience-agriculture,https://ecosystemsunited.com/articles/supply-chain-resilience-agriculture,67,167,2002
article,ESG Reporting for Small Farms: A Practical Getting Started Guide,CSRD | ESG | sustainability reporting | VSME | agricultural compliance | reporting | small | farms | agriculture | sustainability,none-fallback,vsme,D-020: VSME-led compliance cluster (was scope3-csrd),csrd-esg-guide,1,2,yes(heuristic),BaselineCTA,BaselineCTA (fallback - unmatched cluster),Newsletter signup,no,,,esg-reporting-small-farms,https://ecosystemsunited.com/articles/esg-reporting-small-farms,64,183,2024
article,First ESG Questionnaire? Where Agricultural Suppliers Start,CSRD | ESG | sustainability reporting | VSME | agricultural compliance | first | questionnaire | agriculture | sustainability,none-fallback,vsme,D-020: VSME-led compliance cluster (was scope3-csrd),csrd-esg-guide,1,2,yes(heuristic),BaselineCTA,BaselineCTA (fallback - unmatched cluster),Newsletter signup,yes,,,first-esg-questionnaire,https://ecosystemsunited.com/articles/first-esg-questionnaire,59,183,1500
article,Will You Lose Buyers Without ESG Data?,CSRD | ESG | sustainability reporting | VSME | agricultural compliance | lose | buyers | without | agriculture | sustainability,none-fallback,vsme,D-020: VSME-led compliance cluster (was scope3-csrd),csrd-esg-guide,1,2,yes(heuristic),BaselineCTA,BaselineCTA (fallback - unmatched cluster),Newsletter signup,no,,,lose-buyers-without-esg,https://ecosystemsunited.com/articles/lose-buyers-without-esg,38,205,2012
article,Turning ESG Compliance Into Competitive Advantage for Agricultural Operations,CSRD | ESG | sustainability reporting | VSME | agricultural compliance | competitive | advantage | agriculture | sustainability,product-rotation,vsme,Cat override 2026-07-25: VSME framing - small-farm targeting (was scope3-csrd),csrd-esg-guide,3,2,yes(heuristic),BaselineCTA,BaselineCTA (fallback - unmatched cluster),Try the Response Generator (hash product CTA),yes,,,esg-competitive-advantage,https://ecosystemsunited.com/articles/esg-competitive-advantage,77,183,1740
article,Missing ESG Data: How Agricultural Operations Respond Honestly,CSRD | ESG | sustainability reporting | VSME | agricultural compliance | missing | data | agriculture | sustainability,product-rotation,vsme,Cat override 2026-07-25: VSME framing - small-farm targeting (was scope3-csrd),csrd-esg-guide,1,2,yes(heuristic),BaselineCTA,BaselineCTA (fallback - unmatched cluster),Try the Response Generator (hash product CTA),yes,,,missing-esg-data,https://ecosystemsunited.com/articles/missing-esg-data,62,172,2106
article,VSME Basic Module: The Minimum Your Buyers Will Ask For,VSME | VSME Basic Module | CSRD | ESG | sustainability reporting | agricultural compliance | agriculture | sustainability,product-rotation,vsme,Cat override 2026-07-25: VSME framing - small-farm targeting (was scope3-csrd),vsme-guide,,0,no,BaselineCTA,BaselineCTA (fallback - unmatched cluster),See Our Pricing (hash product CTA),no,,,vsme-basic-module-explained,https://ecosystemsunited.com/articles/vsme-basic-module-explained,55,154,1331
article,How the Five Stacks Tracker Maps to VSME Datapoints,VSME | Five Stacks | tracker | CSRD | ESG | sustainability reporting | data mapping | agricultural compliance | agriculture | sustainability,product-rotation,vsme,Cat override 2026-07-25: VSME framing - small-farm targeting (was scope3-csrd),vsme-guide,,0,no,BaselineCTA,BaselineCTA (fallback - unmatched cluster),Try the Response Generator (hash product CTA),no,,,vsme-five-stacks-mapping,https://ecosystemsunited.com/articles/vsme-five-stacks-mapping,51,165,1376
article,VSME vs Full ESRS: What SMEs Actually Need to Report,VSME | ESRS | CSRD | ESG | sustainability reporting | agricultural compliance | SME reporting | agriculture | sustainability,product-rotation,vsme,Cat override 2026-07-25: VSME framing - small-farm targeting (was scope3-csrd),vsme-guide,,0,no,BaselineCTA,BaselineCTA (fallback - unmatched cluster),Try the Response Generator (hash product CTA),no,,,vsme-vs-full-esrs,https://ecosystemsunited.com/articles/vsme-vs-full-esrs,52,153,1338
article,From Gut Feel to Data Defense: Building Your Operational Baseline,CSRD | ESG | sustainability reporting | VSME | agricultural compliance | building | baseline | agriculture | sustainability,scope3-csrd,vsme,D-020: VSME-led compliance cluster (was scope3-csrd),csrd-esg-guide,1,1,no,BaselineCTA,BaselineCTA (fits: buyer-data IS the job),Check Your Readiness -> /tools/scope-3-readiness,no,,,building-baseline,https://ecosystemsunited.com/articles/building-baseline,65,134,685
article,Building Your Farm's ESG Response System,CSRD | ESG | sustainability reporting | VSME | agricultural compliance | building | response | system | agriculture | sustainability,scope3-csrd,vsme,D-020: VSME-led compliance cluster (was scope3-csrd),csrd-esg-guide,2,2,yes(heuristic),BaselineCTA,BaselineCTA (fits: buyer-data IS the job),Check Your Readiness -> /tools/scope-3-readiness,yes,,,building-esg-response-system,https://ecosystemsunited.com/articles/building-esg-response-system,40,170,1600
article,Your Buyer Sent a Scope 3 Request — Now What?,CSRD | ESG | sustainability reporting | VSME | agricultural compliance | buyer | scope | request | agriculture | sustainability,scope3-csrd,vsme,D-020: VSME-led compliance cluster (was scope3-csrd),csrd-esg-guide,1,2,yes(heuristic),BaselineCTA,BaselineCTA (fits: buyer-data IS the job),Check Your Readiness -> /tools/scope-3-readiness,no,,,buyer-scope-3-request,https://ecosystemsunited.com/articles/buyer-scope-3-request,45,172,1007
article,Surviving Buyer ESG Scrutiny: What Agricultural Operations Need to Know,CSRD | ESG | sustainability reporting | VSME | agricultural compliance | buyer | scrutiny | agriculture | sustainability,scope3-csrd,vsme,D-020: VSME-led compliance cluster (was scope3-csrd),csrd-esg-guide,1,1,no,BaselineCTA,BaselineCTA (fits: buyer-data IS the job),Check Your Readiness -> /tools/scope-3-readiness,no,,,buyer-scrutiny,https://ecosystemsunited.com/articles/buyer-scrutiny,71,106,599
article,CSRD and VSME: What Agricultural Suppliers Need to Know,CSRD | ESG | sustainability reporting | VSME | agricultural compliance | agricultural | suppliers | agriculture | sustainability,scope3-csrd,vsme,D-020: VSME-led compliance cluster (was scope3-csrd),csrd-esg-guide | vsme-guide,1,2,yes(heuristic),BaselineCTA,BaselineCTA (fits: buyer-data IS the job),Check Your Readiness -> /tools/scope-3-readiness,no,,,csrd-vsme-agricultural-suppliers,https://ecosystemsunited.com/articles/csrd-vsme-agricultural-suppliers,55,149,1126
article,"Scope 1, 2, and 3 Emissions Explained for Agricultural Operations",CSRD | ESG | sustainability reporting | VSME | agricultural compliance | scope | agriculture | sustainability,scope3-csrd,vsme,D-020: VSME-led compliance cluster (was scope3-csrd),csrd-esg-guide,1,2,yes(heuristic),BaselineCTA,BaselineCTA (fits: buyer-data IS the job),Check Your Readiness -> /tools/scope-3-readiness,no,,,scope-1-2-3-agriculture,https://ecosystemsunited.com/articles/scope-1-2-3-agriculture,65,216,1983
article,Your Buyer Sent a VSME Questionnaire — Here's How to Respond,VSME | buyer questionnaire | ESG response | CSRD | sustainability reporting | agricultural compliance | agriculture | sustainability,scope3-csrd,vsme,D-020: VSME-led compliance cluster (was scope3-csrd),vsme-guide,,0,no,BaselineCTA,BaselineCTA (fits: buyer-data IS the job),Check Your Readiness -> /tools/scope-3-readiness,no,,,vsme-buyer-questionnaire-response,https://ecosystemsunited.com/articles/vsme-buyer-questionnaire-response,60,153,1377
